person_id,wave,wave_numeric,age,life_stage,cohort,cultural_context,neuroticism,extraversion,conscientiousness,openness,agreeableness,role_investment,state_practice_frequency,perceived_support
PLS0001,childhood,1,9.8,childhood,older_cohort,communal_mixed,5.163,5.271,3.642,4.176,4.202,3.077,4.118,4.689
PLS0001,adolescence,2,15.3,adolescence,older_cohort,communal_mixed,4.619,5.541,3.630,5.124,3.895,3.020,3.466,5.336
PLS0001,emerging_adulthood,3,23.8,emerging_adulthood,older_cohort,communal_mixed,4.534,5.054,4.366,4.726,3.823,3.390,4.258,4.336
PLS0001,adulthood,4,39.0,adulthood,older_cohort,communal_mixed,4.535,5.161,4.901,4.691,4.961,3.886,4.469,4.420
PLS0001,midlife,5,51.2,midlife,older_cohort,communal_mixed,4.104,5.737,5.195,4.940,5.233,5.102,5.662,5.195
PLS0001,later_life,6,71.0,later_life,older_cohort,communal_mixed,3.722,5.081,6.543,4.241,5.189,5.486,6.289,3.978
PLS0002,childhood,1,8.7,childhood,middle_cohort,communal_mixed,4.782,4.148,3.140,4.698,4.593,2.863,4.175,4.963
PLS0002,adolescence,2,17.0,adolescence,middle_cohort,communal_mixed,3.951,3.990,2.899,4.461,4.608,2.336,3.237,5.136
PLS0002,emerging_adulthood,3,24.8,emerging_adulthood,middle_cohort,communal_mixed,4.221,4.642,3.922,5.107,4.825,3.350,4.332,4.809
PLS0002,adulthood,4,38.0,adulthood,middle_cohort,communal_mixed,3.724,4.311,4.471,5.277,5.298,3.805,4.523,5.367
PLS0002,midlife,5,52.5,midlife,middle_cohort,communal_mixed,4.251,4.343,4.837,4.994,5.432,4.971,5.606,5.021
PLS0002,later_life,6,68.8,later_life,middle_cohort,communal_mixed,3.675,4.183,5.626,4.237,5.618,6.133,5.859,3.576
PLS0003,childhood,1,10.1,childhood,middle_cohort,institutionally_supported,5.174,4.202,3.785,4.873,3.652,3.025,3.318,4.808
PLS0003,adolescence,2,14.9,adolescence,middle_cohort,institutionally_supported,4.647,4.575,3.970,5.164,4.074,2.927,3.875,5.425
PLS0003,emerging_adulthood,3,23.7,emerging_adulthood,middle_cohort,institutionally_supported,4.533,4.639,4.473,5.737,3.606,4.047,4.693,4.865
PLS0003,adulthood,4,37.7,adulthood,middle_cohort,institutionally_supported,3.785,4.241,4.930,4.847,4.151,4.093,4.972,5.121
PLS0003,midlife,5,52.6,midlife,middle_cohort,institutionally_supported,3.717,5.114,6.388,5.431,4.272,5.251,5.172,5.122
PLS0003,later_life,6,70.0,later_life,middle_cohort,institutionally_supported,3.580,4.474,6.421,5.502,4.623,5.867,5.717,4.635
PLS0004,childhood,1,10.0,childhood,older_cohort,institutionally_supported,4.024,4.407,3.094,3.460,4.653,3.195,3.852,4.525
PLS0004,adolescence,2,14.8,adolescence,older_cohort,institutionally_supported,3.448,4.188,3.498,3.542,5.078,3.180,3.493,4.697
PLS0004,emerging_adulthood,3,24.6,emerging_adulthood,older_cohort,institutionally_supported,3.388,4.852,3.872,3.403,4.624,3.634,4.193,4.717
PLS0004,adulthood,4,37.2,adulthood,older_cohort,institutionally_supported,3.777,4.892,4.831,3.032,4.597,4.099,4.851,4.908
PLS0004,midlife,5,52.7,midlife,older_cohort,institutionally_supported,2.837,4.707,5.405,3.273,6.075,4.631,5.126,4.866
PLS0004,later_life,6,70.5,later_life,older_cohort,institutionally_supported,2.702,4.844,5.990,3.659,5.711,5.156,6.083,4.846
PLS0005,childhood,1,9.9,childhood,middle_cohort,institutionally_supported,3.727,3.699,2.978,3.597,4.537,1.744,3.287,5.318
PLS0005,adolescence,2,17.1,adolescence,middle_cohort,institutionally_supported,3.437,3.490,3.159,4.361,4.461,2.805,2.919,5.283
PLS0005,emerging_adulthood,3,24.4,emerging_adulthood,middle_cohort,institutionally_supported,3.231,3.981,3.189,4.490,4.895,3.879,3.968,5.385
PLS0005,adulthood,4,37.7,adulthood,middle_cohort,institutionally_supported,2.492,4.643,4.655,4.519,4.620,3.680,4.503,4.993
PLS0005,midlife,5,51.5,midlife,middle_cohort,institutionally_supported,2.230,4.001,4.833,4.155,5.602,5.478,6.113,5.415
PLS0005,later_life,6,69.9,later_life,middle_cohort,institutionally_supported,2.673,3.542,5.803,3.980,5.338,5.572,6.049,5.099
PLS0006,childhood,1,9.3,childhood,older_cohort,institutionally_supported,4.720,4.809,4.107,3.165,4.747,3.130,3.933,4.812
PLS0006,adolescence,2,15.2,adolescence,older_cohort,institutionally_supported,4.707,4.474,4.171,4.037,3.536,3.167,3.942,4.703
PLS0006,emerging_adulthood,3,23.0,emerging_adulthood,older_cohort,institutionally_supported,4.474,4.708,5.069,4.196,4.754,3.600,4.863,4.258
PLS0006,adulthood,4,37.1,adulthood,older_cohort,institutionally_supported,4.386,5.787,5.894,3.512,5.040,4.242,5.329,4.799
PLS0006,midlife,5,52.6,midlife,older_cohort,institutionally_supported,3.875,5.496,5.758,3.154,5.121,5.085,5.992,4.976
PLS0006,later_life,6,70.0,later_life,older_cohort,institutionally_supported,3.956,5.118,6.611,2.944,5.447,5.550,6.273,5.177
PLS0007,childhood,1,8.7,childhood,younger_cohort,high_transition_context,4.708,5.039,3.087,4.109,3.285,2.633,3.170,3.685
PLS0007,adolescence,2,16.3,adolescence,younger_cohort,high_transition_context,4.279,4.654,2.919,4.807,2.861,2.781,3.337,3.698
PLS0007,emerging_adulthood,3,23.4,emerging_adulthood,younger_cohort,high_transition_context,4.046,5.132,3.979,4.420,3.173,3.856,4.676,3.956
PLS0007,adulthood,4,37.8,adulthood,younger_cohort,high_transition_context,3.410,5.428,4.123,3.842,4.089,4.373,5.272,3.858
PLS0007,midlife,5,52.6,midlife,younger_cohort,high_transition_context,3.542,4.886,4.836,4.271,4.092,5.294,5.648,3.700
PLS0007,later_life,6,70.5,later_life,younger_cohort,high_transition_context,3.055,5.244,6.026,4.404,4.443,5.173,6.192,3.507
PLS0008,childhood,1,8.3,childhood,younger_cohort,institutionally_supported,3.729,3.961,2.625,5.173,3.721,3.090,3.709,5.818
PLS0008,adolescence,2,16.4,adolescence,younger_cohort,institutionally_supported,3.687,4.662,2.945,5.670,4.027,2.390,3.082,5.066
PLS0008,emerging_adulthood,3,24.1,emerging_adulthood,younger_cohort,institutionally_supported,2.957,4.564,3.924,5.664,4.006,4.247,4.655,5.900
PLS0008,adulthood,4,38.3,adulthood,younger_cohort,institutionally_supported,2.793,4.195,4.775,5.002,4.017,4.344,4.610,5.593
PLS0008,midlife,5,50.8,midlife,younger_cohort,institutionally_supported,2.897,5.069,4.916,5.463,5.256,4.906,5.581,5.325
PLS0008,later_life,6,70.3,later_life,younger_cohort,institutionally_supported,3.034,4.424,5.724,5.249,5.121,5.395,5.580,5.633
PLS0009,childhood,1,10.0,childhood,younger_cohort,institutionally_supported,4.195,3.941,3.106,4.944,3.640,3.177,4.285,4.543
PLS0009,adolescence,2,15.6,adolescence,younger_cohort,institutionally_supported,3.869,3.792,3.355,5.246,3.109,3.023,3.051,4.979
PLS0009,emerging_adulthood,3,25.1,emerging_adulthood,younger_cohort,institutionally_supported,3.772,3.885,4.300,5.351,2.973,4.118,4.431,4.700
PLS0009,adulthood,4,38.9,adulthood,younger_cohort,institutionally_supported,3.255,3.863,5.165,5.783,4.042,4.471,5.621,5.238
PLS0009,midlife,5,51.1,midlife,younger_cohort,institutionally_supported,3.012,4.613,5.784,5.328,4.333,4.722,5.720,5.405
PLS0009,later_life,6,69.9,later_life,younger_cohort,institutionally_supported,2.768,3.932,5.846,4.815,4.734,5.432,5.147,4.802
PLS0010,childhood,1,8.1,childhood,middle_cohort,institutionally_supported,4.684,4.108,3.843,5.188,3.967,3.337,3.431,5.421
PLS0010,adolescence,2,15.7,adolescence,middle_cohort,institutionally_supported,4.664,4.507,3.588,5.087,3.988,2.982,3.259,5.226
PLS0010,emerging_adulthood,3,24.5,emerging_adulthood,middle_cohort,institutionally_supported,4.377,4.468,4.813,5.547,4.142,3.446,4.729,5.201
PLS0010,adulthood,4,38.1,adulthood,middle_cohort,institutionally_supported,4.272,4.654,5.389,5.007,4.662,4.229,5.339,4.596
PLS0010,midlife,5,50.9,midlife,middle_cohort,institutionally_supported,3.848,5.107,5.866,4.467,4.914,5.471,5.065,5.600
PLS0010,later_life,6,71.2,later_life,middle_cohort,institutionally_supported,4.179,5.274,6.704,5.004,5.534,5.957,6.813,4.828
PLS0011,childhood,1,8.1,childhood,middle_cohort,institutionally_supported,4.165,3.595,4.753,4.019,4.044,3.556,3.220,5.016
PLS0011,adolescence,2,16.6,adolescence,middle_cohort,institutionally_supported,3.882,4.214,4.654,4.617,4.390,3.039,4.217,4.364
PLS0011,emerging_adulthood,3,25.1,emerging_adulthood,middle_cohort,institutionally_supported,3.882,3.822,4.426,4.234,3.732,3.978,4.249,4.975
PLS0011,adulthood,4,38.5,adulthood,middle_cohort,institutionally_supported,3.591,4.367,5.642,3.887,5.163,4.797,5.469,5.142
PLS0011,midlife,5,52.8,midlife,middle_cohort,institutionally_supported,3.595,3.651,6.596,3.586,5.178,5.115,5.643,4.703
PLS0011,later_life,6,70.8,later_life,middle_cohort,institutionally_supported,4.132,4.771,6.608,3.935,4.611,5.852,6.543,4.782
PLS0012,childhood,1,8.5,childhood,older_cohort,institutionally_supported,3.632,4.509,3.685,5.067,3.880,2.636,3.477,5.088
PLS0012,adolescence,2,16.8,adolescence,older_cohort,institutionally_supported,3.969,5.013,4.018,5.554,4.327,3.388,4.551,4.874
PLS0012,emerging_adulthood,3,24.0,emerging_adulthood,older_cohort,institutionally_supported,4.234,5.156,4.177,5.326,4.027,3.500,4.096,4.373
PLS0012,adulthood,4,36.8,adulthood,older_cohort,institutionally_supported,3.853,4.520,5.048,5.209,4.080,4.498,4.956,4.369
PLS0012,midlife,5,52.1,midlife,older_cohort,institutionally_supported,3.255,5.422,5.634,5.289,4.683,5.460,5.951,5.848
PLS0012,later_life,6,70.4,later_life,older_cohort,institutionally_supported,3.233,5.454,6.480,4.480,4.886,6.214,6.033,4.642
PLS0013,childhood,1,9.8,childhood,middle_cohort,high_transition_context,4.983,4.637,3.818,4.982,3.391,3.189,3.505,3.697
PLS0013,adolescence,2,14.9,adolescence,middle_cohort,high_transition_context,4.952,4.416,2.967,5.330,3.554,2.189,3.180,3.917
PLS0013,emerging_adulthood,3,24.8,emerging_adulthood,middle_cohort,high_transition_context,4.725,4.893,4.205,4.546,4.240,3.406,4.445,3.311
PLS0013,adulthood,4,38.9,adulthood,middle_cohort,high_transition_context,4.342,4.688,4.376,4.471,4.496,4.003,4.658,3.869
PLS0013,midlife,5,51.7,midlife,middle_cohort,high_transition_context,4.550,4.731,5.454,4.733,5.047,4.521,4.979,3.528
PLS0013,later_life,6,70.5,later_life,middle_cohort,high_transition_context,3.667,4.893,5.705,3.996,5.306,4.763,6.422,3.766
PLS0014,childhood,1,8.6,childhood,younger_cohort,individualist_urban,5.245,3.249,3.965,3.889,4.361,3.469,3.518,4.960
PLS0014,adolescence,2,16.9,adolescence,younger_cohort,individualist_urban,4.841,3.389,4.415,4.701,3.797,3.426,4.050,4.740
PLS0014,emerging_adulthood,3,23.7,emerging_adulthood,younger_cohort,individualist_urban,4.556,3.384,4.997,4.008,4.329,3.807,4.132,4.200
PLS0014,adulthood,4,37.0,adulthood,younger_cohort,individualist_urban,4.359,3.996,5.319,3.379,4.569,5.069,4.979,4.127
PLS0014,midlife,5,52.7,midlife,younger_cohort,individualist_urban,4.495,3.592,6.461,3.544,4.822,4.731,5.127,4.466
PLS0014,later_life,6,70.1,later_life,younger_cohort,individualist_urban,4.416,3.878,5.767,3.838,5.606,5.099,7.000,4.297
PLS0015,childhood,1,9.6,childhood,middle_cohort,high_transition_context,4.643,4.153,3.209,4.241,4.061,2.916,3.142,4.564
PLS0015,adolescence,2,16.6,adolescence,middle_cohort,high_transition_context,4.716,4.065,3.256,4.356,3.844,2.791,3.316,3.832
PLS0015,emerging_adulthood,3,24.9,emerging_adulthood,middle_cohort,high_transition_context,3.282,4.587,4.225,4.778,4.513,4.121,4.152,3.810
PLS0015,adulthood,4,38.5,adulthood,middle_cohort,high_transition_context,3.465,4.622,5.028,4.309,4.558,4.413,4.261,3.733
PLS0015,midlife,5,53.2,midlife,middle_cohort,high_transition_context,3.683,4.907,5.292,3.885,4.557,4.576,5.273,4.840
PLS0015,later_life,6,71.1,later_life,middle_cohort,high_transition_context,3.294,4.305,5.907,3.867,4.327,5.725,5.854,4.029
PLS0016,childhood,1,9.3,childhood,middle_cohort,high_transition_context,4.599,4.078,3.356,3.106,4.386,2.158,3.645,3.801
PLS0016,adolescence,2,15.4,adolescence,middle_cohort,high_transition_context,4.173,3.955,3.196,3.570,4.575,2.894,3.505,4.339
PLS0016,emerging_adulthood,3,23.8,emerging_adulthood,middle_cohort,high_transition_context,3.958,3.576,4.009,3.641,3.876,3.498,4.741,4.003
PLS0016,adulthood,4,38.6,adulthood,middle_cohort,high_transition_context,3.792,4.002,4.608,3.943,4.507,4.160,4.482,4.093
PLS0016,midlife,5,51.3,midlife,middle_cohort,high_transition_context,2.889,4.737,4.815,3.695,5.052,5.012,5.253,5.110
PLS0016,later_life,6,69.4,later_life,middle_cohort,high_transition_context,3.708,4.889,5.365,2.918,4.954,5.330,6.062,3.793
PLS0017,childhood,1,8.6,childhood,older_cohort,institutionally_supported,4.019,5.222,3.306,3.704,3.856,3.487,3.579,4.886
PLS0017,adolescence,2,14.9,adolescence,older_cohort,institutionally_supported,3.740,5.564,2.581,4.476,3.219,2.615,3.736,4.584
PLS0017,emerging_adulthood,3,23.5,emerging_adulthood,older_cohort,institutionally_supported,3.763,5.244,3.642,4.737,4.222,3.773,4.386,5.419
PLS0017,adulthood,4,37.3,adulthood,older_cohort,institutionally_supported,3.470,4.943,4.670,3.598,4.631,4.249,5.097,4.684
PLS0017,midlife,5,51.8,midlife,older_cohort,institutionally_supported,2.425,5.426,5.267,4.139,5.110,5.685,5.687,5.497
PLS0017,later_life,6,71.1,later_life,older_cohort,institutionally_supported,2.381,5.880,5.636,3.253,5.357,5.500,6.366,4.821
PLS0018,childhood,1,8.7,childhood,middle_cohort,communal_mixed,4.440,4.489,3.989,5.105,4.608,2.313,3.410,4.808
PLS0018,adolescence,2,16.4,adolescence,middle_cohort,communal_mixed,4.586,3.707,3.779,5.415,4.270,3.434,4.022,4.129
PLS0018,emerging_adulthood,3,24.5,emerging_adulthood,middle_cohort,communal_mixed,3.849,3.551,4.650,5.607,5.117,3.385,4.476,4.410
PLS0018,adulthood,4,38.2,adulthood,middle_cohort,communal_mixed,3.620,4.709,5.163,5.058,5.366,4.229,5.370,5.025
PLS0018,midlife,5,52.0,midlife,middle_cohort,communal_mixed,3.838,3.771,5.176,5.629,6.215,4.988,5.853,4.975
PLS0018,later_life,6,70.3,later_life,middle_cohort,communal_mixed,3.572,4.186,6.424,4.661,6.160,5.270,6.350,5.299
PLS0019,childhood,1,9.8,childhood,middle_cohort,high_transition_context,4.616,4.655,2.797,5.406,4.336,2.155,2.899,4.300
PLS0019,adolescence,2,16.8,adolescence,middle_cohort,high_transition_context,4.212,3.914,3.294,5.423,4.366,3.591,3.233,3.770
PLS0019,emerging_adulthood,3,24.4,emerging_adulthood,middle_cohort,high_transition_context,4.483,4.912,4.204,5.981,4.449,3.274,4.086,3.542
PLS0019,adulthood,4,39.2,adulthood,middle_cohort,high_transition_context,3.818,4.547,4.528,5.078,5.270,3.844,4.841,4.161
PLS0019,midlife,5,51.1,midlife,middle_cohort,high_transition_context,3.759,4.812,5.024,5.183,5.236,4.949,5.571,4.518
PLS0019,later_life,6,69.8,later_life,middle_cohort,high_transition_context,4.067,4.587,5.274,5.046,5.773,4.757,6.273,3.371
PLS0020,childhood,1,8.1,childhood,older_cohort,institutionally_supported,2.870,4.385,3.145,3.891,3.928,2.818,3.314,5.426
PLS0020,adolescence,2,16.2,adolescence,older_cohort,institutionally_supported,3.557,4.973,3.302,4.358,3.168,3.456,3.727,4.668
PLS0020,emerging_adulthood,3,23.4,emerging_adulthood,older_cohort,institutionally_supported,3.332,4.846,4.550,4.687,3.085,3.627,4.125,4.778
PLS0020,adulthood,4,38.5,adulthood,older_cohort,institutionally_supported,3.395,5.151,5.110,4.197,3.689,3.964,4.869,5.109
PLS0020,midlife,5,51.9,midlife,older_cohort,institutionally_supported,3.290,5.139,5.210,3.960,4.652,5.592,5.392,4.537
PLS0020,later_life,6,69.2,later_life,older_cohort,institutionally_supported,2.947,5.328,5.972,3.836,4.498,5.776,6.665,5.182
PLS0021,childhood,1,10.1,childhood,middle_cohort,high_transition_context,4.692,3.891,3.069,4.990,4.184,2.505,3.649,5.070
PLS0021,adolescence,2,15.2,adolescence,middle_cohort,high_transition_context,5.125,3.761,3.726,5.133,3.395,2.889,3.560,4.144
PLS0021,emerging_adulthood,3,23.0,emerging_adulthood,middle_cohort,high_transition_context,4.054,4.493,4.160,5.373,4.123,3.868,3.920,3.985
PLS0021,adulthood,4,38.6,adulthood,middle_cohort,high_transition_context,4.177,4.423,5.602,5.226,4.351,4.203,5.533,3.301
PLS0021,midlife,5,51.0,midlife,middle_cohort,high_transition_context,4.185,4.467,5.528,5.233,4.680,5.288,5.749,4.674
PLS0021,later_life,6,69.1,later_life,middle_cohort,high_transition_context,3.478,4.166,6.006,5.109,4.503,5.567,6.421,3.684
PLS0022,childhood,1,8.0,childhood,middle_cohort,high_transition_context,3.898,4.445,3.600,3.962,4.512,2.825,3.379,3.690
PLS0022,adolescence,2,17.0,adolescence,middle_cohort,high_transition_context,3.834,3.514,3.083,3.871,4.384,2.545,3.430,3.899
PLS0022,emerging_adulthood,3,23.6,emerging_adulthood,middle_cohort,high_transition_context,4.096,4.405,4.193,4.498,4.742,3.222,4.291,3.020
PLS0022,adulthood,4,37.3,adulthood,middle_cohort,high_transition_context,3.969,4.547,4.886,3.097,5.056,4.420,5.476,3.170
PLS0022,midlife,5,52.7,midlife,middle_cohort,high_transition_context,3.636,4.356,5.671,3.492,5.657,5.343,5.749,3.720
PLS0022,later_life,6,69.1,later_life,middle_cohort,high_transition_context,3.533,3.875,6.311,3.404,5.310,5.918,6.022,3.428
PLS0023,childhood,1,9.5,childhood,middle_cohort,individualist_urban,5.228,3.879,2.343,4.906,4.408,3.324,2.762,4.009
PLS0023,adolescence,2,16.2,adolescence,middle_cohort,individualist_urban,4.805,4.377,2.750,4.443,4.562,2.955,3.442,4.582
PLS0023,emerging_adulthood,3,23.2,emerging_adulthood,middle_cohort,individualist_urban,4.496,4.052,3.040,5.090,4.452,4.022,4.385,3.706
PLS0023,adulthood,4,37.1,adulthood,middle_cohort,individualist_urban,4.466,4.262,3.994,4.508,4.225,3.643,4.312,3.586
PLS0023,midlife,5,53.1,midlife,middle_cohort,individualist_urban,3.770,4.450,4.794,4.586,4.932,4.681,5.195,3.631
PLS0023,later_life,6,71.1,later_life,middle_cohort,individualist_urban,4.101,4.426,5.283,4.874,5.217,5.494,5.520,3.865
PLS0024,childhood,1,8.2,childhood,older_cohort,institutionally_supported,4.286,4.249,3.757,3.997,3.102,3.024,4.222,4.967
PLS0024,adolescence,2,15.1,adolescence,older_cohort,institutionally_supported,3.317,4.577,4.456,4.209,3.373,3.272,4.365,5.238
PLS0024,emerging_adulthood,3,24.4,emerging_adulthood,older_cohort,institutionally_supported,3.697,4.824,5.364,4.361,3.708,3.979,4.817,5.481
PLS0024,adulthood,4,38.2,adulthood,older_cohort,institutionally_supported,3.624,5.341,5.957,3.408,3.978,4.362,5.094,5.089
PLS0024,midlife,5,51.9,midlife,older_cohort,institutionally_supported,3.270,5.073,6.587,4.439,4.105,5.142,5.973,5.569
PLS0024,later_life,6,69.4,later_life,older_cohort,institutionally_supported,3.288,4.956,6.969,3.535,5.453,6.247,7.000,5.862
PLS0025,childhood,1,8.3,childhood,middle_cohort,high_transition_context,5.114,3.688,3.970,4.853,3.726,3.561,3.976,4.152
PLS0025,adolescence,2,16.5,adolescence,middle_cohort,high_transition_context,5.146,4.523,3.791,5.127,3.784,3.065,3.773,4.103
PLS0025,emerging_adulthood,3,24.6,emerging_adulthood,middle_cohort,high_transition_context,4.932,3.970,4.852,5.169,3.610,3.022,4.623,4.030
PLS0025,adulthood,4,39.1,adulthood,middle_cohort,high_transition_context,4.152,4.866,5.156,4.341,4.947,4.366,5.235,4.445
PLS0025,midlife,5,53.2,midlife,middle_cohort,high_transition_context,4.475,4.764,6.310,5.121,4.487,4.232,6.265,4.123
PLS0025,later_life,6,70.9,later_life,middle_cohort,high_transition_context,4.523,4.888,6.402,4.444,4.712,5.077,6.629,3.776
PLS0026,childhood,1,9.6,childhood,older_cohort,institutionally_supported,4.530,5.279,3.914,4.777,3.746,2.839,2.745,5.186
PLS0026,adolescence,2,15.3,adolescence,older_cohort,institutionally_supported,4.733,4.964,2.523,5.181,3.685,2.851,3.805,4.856
PLS0026,emerging_adulthood,3,24.7,emerging_adulthood,older_cohort,institutionally_supported,4.101,5.298,3.556,5.286,3.390,4.206,4.580,5.308
PLS0026,adulthood,4,39.0,adulthood,older_cohort,institutionally_supported,3.688,5.121,4.335,4.977,4.192,4.465,3.933,4.337
PLS0026,midlife,5,53.0,midlife,older_cohort,institutionally_supported,4.084,4.737,6.049,4.527,4.610,4.942,5.336,4.819
PLS0026,later_life,6,70.7,later_life,older_cohort,institutionally_supported,3.870,5.768,6.492,4.865,4.663,5.313,6.197,4.216
PLS0027,childhood,1,9.3,childhood,younger_cohort,high_transition_context,4.647,3.315,3.567,5.081,4.426,2.556,4.002,4.001
PLS0027,adolescence,2,15.2,adolescence,younger_cohort,high_transition_context,5.689,3.839,4.414,5.233,4.129,2.458,3.749,3.756
PLS0027,emerging_adulthood,3,23.6,emerging_adulthood,younger_cohort,high_transition_context,5.462,3.859,4.689,5.948,4.715,3.630,4.827,4.006
PLS0027,adulthood,4,39.0,adulthood,younger_cohort,high_transition_context,4.799,3.688,5.268,6.273,4.095,4.044,5.014,4.439
PLS0027,midlife,5,51.5,midlife,younger_cohort,high_transition_context,4.358,4.373,5.391,4.607,5.184,4.751,5.461,4.265
PLS0027,later_life,6,70.7,later_life,younger_cohort,high_transition_context,4.637,4.570,6.406,5.356,5.910,5.196,6.284,3.489
PLS0028,childhood,1,10.1,childhood,middle_cohort,institutionally_supported,3.858,5.309,2.959,4.794,4.854,2.576,3.325,5.197
PLS0028,adolescence,2,16.5,adolescence,middle_cohort,institutionally_supported,4.097,5.251,3.323,5.618,4.651,3.072,3.342,5.315
PLS0028,emerging_adulthood,3,24.0,emerging_adulthood,middle_cohort,institutionally_supported,3.651,5.311,3.424,5.794,4.343,3.006,3.412,4.944
PLS0028,adulthood,4,37.3,adulthood,middle_cohort,institutionally_supported,3.407,5.317,4.416,5.298,4.512,4.339,5.033,5.490
PLS0028,midlife,5,51.4,midlife,middle_cohort,institutionally_supported,2.861,4.911,4.741,4.858,5.439,5.386,5.748,4.962
PLS0028,later_life,6,70.3,later_life,middle_cohort,institutionally_supported,3.056,5.300,6.214,5.073,5.175,5.592,6.723,5.287
PLS0029,childhood,1,9.2,childhood,older_cohort,high_transition_context,4.367,5.264,4.247,4.112,4.095,2.762,3.836,4.468
PLS0029,adolescence,2,15.2,adolescence,older_cohort,high_transition_context,4.184,5.347,4.432,4.794,3.829,2.948,4.780,4.072
PLS0029,emerging_adulthood,3,24.1,emerging_adulthood,older_cohort,high_transition_context,4.331,5.410,5.218,4.538,5.059,3.079,4.150,4.406
PLS0029,adulthood,4,38.2,adulthood,older_cohort,high_transition_context,3.611,5.203,5.158,4.365,4.765,4.258,5.413,4.177
PLS0029,midlife,5,52.0,midlife,older_cohort,high_transition_context,3.832,5.732,6.196,3.973,4.721,4.482,6.543,5.149
PLS0029,later_life,6,70.2,later_life,older_cohort,high_transition_context,3.538,5.314,6.762,3.835,5.743,5.534,6.545,4.826
PLS0030,childhood,1,9.8,childhood,older_cohort,communal_mixed,4.719,4.565,4.232,4.271,4.946,3.828,4.376,4.511
PLS0030,adolescence,2,16.8,adolescence,older_cohort,communal_mixed,4.250,4.601,4.265,4.866,4.776,3.265,3.844,5.055
PLS0030,emerging_adulthood,3,24.1,emerging_adulthood,older_cohort,communal_mixed,3.969,5.043,4.801,4.822,5.405,3.953,5.514,5.139
PLS0030,adulthood,4,36.8,adulthood,older_cohort,communal_mixed,4.264,5.012,5.729,4.197,5.512,3.568,5.065,4.906
PLS0030,midlife,5,52.3,midlife,older_cohort,communal_mixed,3.928,5.700,6.589,4.052,5.848,4.655,6.234,4.880
PLS0030,later_life,6,71.0,later_life,older_cohort,communal_mixed,3.196,5.455,7.000,3.597,5.578,5.195,5.784,4.506
PLS0031,childhood,1,9.9,childhood,older_cohort,high_transition_context,4.375,4.727,4.181,4.010,4.376,2.996,3.572,4.096
PLS0031,adolescence,2,16.2,adolescence,older_cohort,high_transition_context,4.402,4.257,4.038,4.488,3.786,2.815,2.774,4.251
PLS0031,emerging_adulthood,3,24.2,emerging_adulthood,older_cohort,high_transition_context,3.777,4.110,3.794,4.238,4.437,3.411,4.074,4.160
PLS0031,adulthood,4,37.8,adulthood,older_cohort,high_transition_context,3.373,5.089,4.987,3.885,4.826,3.762,4.962,4.179
PLS0031,midlife,5,50.8,midlife,older_cohort,high_transition_context,3.601,4.786,5.561,4.097,5.101,4.888,5.797,4.557
PLS0031,later_life,6,69.6,later_life,older_cohort,high_transition_context,3.281,5.228,6.139,3.302,5.457,5.508,6.477,4.296
PLS0032,childhood,1,8.8,childhood,middle_cohort,communal_mixed,5.400,4.247,3.220,4.956,3.916,3.273,3.850,3.834
PLS0032,adolescence,2,15.3,adolescence,middle_cohort,communal_mixed,4.441,3.751,3.192,4.732,4.709,3.242,3.510,4.599
PLS0032,emerging_adulthood,3,24.4,emerging_adulthood,middle_cohort,communal_mixed,4.452,4.220,4.497,4.864,5.118,3.848,4.755,4.003
PLS0032,adulthood,4,38.6,adulthood,middle_cohort,communal_mixed,4.540,4.465,3.841,4.782,4.951,5.155,5.396,4.204
PLS0032,midlife,5,51.7,midlife,middle_cohort,communal_mixed,3.935,4.400,4.310,4.787,5.258,4.747,5.797,4.505
PLS0032,later_life,6,70.9,later_life,middle_cohort,communal_mixed,3.339,4.613,5.885,4.342,5.704,5.890,6.401,4.283
PLS0033,childhood,1,8.1,childhood,older_cohort,communal_mixed,5.507,4.641,2.844,4.479,3.417,2.866,3.853,4.847
PLS0033,adolescence,2,15.0,adolescence,older_cohort,communal_mixed,4.058,5.145,3.557,4.878,4.001,2.642,3.506,4.982
PLS0033,emerging_adulthood,3,24.3,emerging_adulthood,older_cohort,communal_mixed,4.931,4.515,4.482,4.562,3.941,3.140,3.808,4.617
PLS0033,adulthood,4,38.8,adulthood,older_cohort,communal_mixed,3.927,5.062,4.775,4.105,4.528,4.543,5.461,4.787
PLS0033,midlife,5,52.7,midlife,older_cohort,communal_mixed,4.293,4.951,5.536,4.826,4.496,5.042,5.722,4.731
PLS0033,later_life,6,70.4,later_life,older_cohort,communal_mixed,4.139,5.234,6.400,4.352,5.066,5.561,6.134,4.562
PLS0034,childhood,1,8.3,childhood,middle_cohort,communal_mixed,3.938,4.781,3.032,3.643,4.290,2.802,3.185,4.415
PLS0034,adolescence,2,15.3,adolescence,middle_cohort,communal_mixed,4.530,4.704,3.629,4.321,3.425,2.934,3.314,4.926
PLS0034,emerging_adulthood,3,24.7,emerging_adulthood,middle_cohort,communal_mixed,3.572,4.696,3.706,3.892,5.053,4.087,4.176,5.579
PLS0034,adulthood,4,38.7,adulthood,middle_cohort,communal_mixed,2.875,4.897,4.212,4.074,4.269,4.608,4.956,5.283
PLS0034,midlife,5,50.9,midlife,middle_cohort,communal_mixed,2.743,5.244,4.869,3.922,5.050,5.042,5.434,5.030
PLS0034,later_life,6,69.4,later_life,middle_cohort,communal_mixed,3.048,5.394,5.944,3.632,5.427,4.843,5.897,4.804
PLS0035,childhood,1,8.1,childhood,older_cohort,institutionally_supported,4.485,4.248,3.314,3.981,4.426,2.868,3.522,4.511
PLS0035,adolescence,2,15.0,adolescence,older_cohort,institutionally_supported,3.880,4.202,3.298,4.832,4.747,2.790,3.494,5.592
PLS0035,emerging_adulthood,3,23.2,emerging_adulthood,older_cohort,institutionally_supported,3.798,3.915,4.213,4.633,4.047,3.333,4.158,5.198
PLS0035,adulthood,4,38.2,adulthood,older_cohort,institutionally_supported,3.483,4.674,5.196,4.356,5.547,4.301,4.382,4.699
PLS0035,midlife,5,52.2,midlife,older_cohort,institutionally_supported,3.357,4.845,4.848,4.762,5.466,4.481,5.974,5.428
PLS0035,later_life,6,69.1,later_life,older_cohort,institutionally_supported,3.381,4.332,6.121,4.248,5.686,5.000,6.497,5.204
PLS0036,childhood,1,9.6,childhood,older_cohort,high_transition_context,4.626,3.440,3.017,5.073,3.215,2.746,3.929,3.126
PLS0036,adolescence,2,16.9,adolescence,older_cohort,high_transition_context,4.360,2.821,2.981,5.832,3.817,3.170,4.497,3.988
PLS0036,emerging_adulthood,3,24.9,emerging_adulthood,older_cohort,high_transition_context,4.017,3.524,3.511,5.998,3.717,3.729,4.451,4.332
PLS0036,adulthood,4,37.9,adulthood,older_cohort,high_transition_context,4.057,3.787,4.771,5.056,3.560,4.429,5.252,4.243
PLS0036,midlife,5,51.4,midlife,older_cohort,high_transition_context,3.858,3.918,5.427,5.252,4.163,4.800,5.904,4.650
PLS0036,later_life,6,70.1,later_life,older_cohort,high_transition_context,3.672,3.701,5.958,4.831,3.495,5.601,5.862,2.902
PLS0037,childhood,1,8.0,childhood,middle_cohort,individualist_urban,5.223,3.484,3.939,4.830,2.882,2.785,2.943,4.253
PLS0037,adolescence,2,15.0,adolescence,middle_cohort,individualist_urban,4.646,4.145,3.796,5.221,2.972,2.539,3.799,4.620
PLS0037,emerging_adulthood,3,25.0,emerging_adulthood,middle_cohort,individualist_urban,4.219,4.087,4.474,5.290,3.289,3.635,4.229,4.154
PLS0037,adulthood,4,38.5,adulthood,middle_cohort,individualist_urban,4.240,4.015,4.891,4.734,3.956,4.249,4.889,4.031
PLS0037,midlife,5,50.9,midlife,middle_cohort,individualist_urban,4.499,3.800,6.056,4.742,4.414,5.212,5.894,4.651
PLS0037,later_life,6,69.0,later_life,middle_cohort,individualist_urban,4.148,4.018,6.604,4.915,4.362,5.207,6.294,4.311
PLS0038,childhood,1,8.7,childhood,middle_cohort,individualist_urban,5.542,3.199,3.499,4.154,2.985,3.223,3.576,4.249
PLS0038,adolescence,2,17.2,adolescence,middle_cohort,individualist_urban,5.188,3.508,3.440,4.858,3.128,2.866,3.803,4.013
PLS0038,emerging_adulthood,3,24.2,emerging_adulthood,middle_cohort,individualist_urban,3.873,4.154,4.017,4.454,3.316,3.705,4.608,4.444
PLS0038,adulthood,4,37.3,adulthood,middle_cohort,individualist_urban,4.489,3.854,4.095,4.546,4.233,3.695,5.481,4.700
PLS0038,midlife,5,52.8,midlife,middle_cohort,individualist_urban,4.030,4.223,5.982,4.001,4.205,5.171,5.468,4.244
PLS0038,later_life,6,69.6,later_life,middle_cohort,individualist_urban,4.328,4.309,5.805,3.956,4.168,4.896,5.770,4.166
PLS0039,childhood,1,8.0,childhood,younger_cohort,individualist_urban,4.010,4.421,3.819,4.245,3.381,2.984,4.129,4.740
PLS0039,adolescence,2,15.3,adolescence,younger_cohort,individualist_urban,3.773,4.663,3.426,4.427,3.140,3.474,3.622,4.342
PLS0039,emerging_adulthood,3,23.0,emerging_adulthood,younger_cohort,individualist_urban,4.517,4.647,4.614,4.463,3.513,3.097,4.130,4.268
PLS0039,adulthood,4,38.9,adulthood,younger_cohort,individualist_urban,4.363,4.739,5.587,4.546,4.389,4.386,5.256,4.430
PLS0039,midlife,5,52.6,midlife,younger_cohort,individualist_urban,3.399,5.079,6.296,3.435,4.224,5.462,5.902,5.141
PLS0039,later_life,6,70.3,later_life,younger_cohort,individualist_urban,3.746,5.137,6.492,3.708,4.265,5.553,6.825,3.538
PLS0040,childhood,1,8.9,childhood,middle_cohort,institutionally_supported,3.265,3.825,3.289,4.895,3.416,3.306,3.825,4.583
PLS0040,adolescence,2,15.3,adolescence,middle_cohort,institutionally_supported,3.128,3.560,3.284,5.069,3.348,2.961,3.300,3.840
PLS0040,emerging_adulthood,3,23.7,emerging_adulthood,middle_cohort,institutionally_supported,3.515,3.613,3.234,4.826,4.007,3.949,3.806,4.320
PLS0040,adulthood,4,37.3,adulthood,middle_cohort,institutionally_supported,3.047,3.640,4.655,4.511,4.287,4.181,4.585,4.436
PLS0040,midlife,5,52.0,midlife,middle_cohort,institutionally_supported,3.453,4.446,5.438,4.567,5.009,5.245,5.136,4.225
PLS0040,later_life,6,70.8,later_life,middle_cohort,institutionally_supported,3.209,4.563,6.206,4.619,5.032,5.370,5.976,4.461
PLS0041,childhood,1,9.1,childhood,older_cohort,individualist_urban,4.694,3.846,3.779,3.739,3.728,2.762,3.273,4.472
PLS0041,adolescence,2,16.3,adolescence,older_cohort,individualist_urban,4.457,3.843,3.017,3.976,3.861,2.530,2.620,4.142
PLS0041,emerging_adulthood,3,24.3,emerging_adulthood,older_cohort,individualist_urban,4.706,4.119,4.289,4.211,4.081,3.427,4.250,4.077
PLS0041,adulthood,4,39.1,adulthood,older_cohort,individualist_urban,3.718,4.194,4.804,4.011,4.568,4.319,5.545,4.304
PLS0041,midlife,5,51.1,midlife,older_cohort,individualist_urban,4.161,4.574,5.805,3.799,5.091,5.918,5.994,3.979
PLS0041,later_life,6,70.9,later_life,older_cohort,individualist_urban,3.662,4.238,5.908,3.973,5.298,4.985,5.990,3.907
PLS0042,childhood,1,7.8,childhood,younger_cohort,institutionally_supported,3.827,3.114,2.776,4.278,3.201,2.811,3.728,4.750
PLS0042,adolescence,2,14.9,adolescence,younger_cohort,institutionally_supported,3.770,3.454,3.498,4.116,3.461,3.112,3.224,5.502
PLS0042,emerging_adulthood,3,23.7,emerging_adulthood,younger_cohort,institutionally_supported,3.621,3.564,3.714,4.474,4.389,3.370,4.143,5.369
PLS0042,adulthood,4,37.2,adulthood,younger_cohort,institutionally_supported,3.734,3.932,4.583,3.750,5.532,4.753,5.237,5.394
PLS0042,midlife,5,52.7,midlife,younger_cohort,institutionally_supported,3.215,3.856,5.087,3.883,4.916,5.424,5.889,5.497
PLS0042,later_life,6,71.2,later_life,younger_cohort,institutionally_supported,3.268,4.125,5.590,4.183,5.073,5.173,5.699,5.104
PLS0043,childhood,1,9.0,childhood,younger_cohort,institutionally_supported,4.205,4.040,2.782,3.548,4.466,2.934,2.874,5.947
PLS0043,adolescence,2,14.8,adolescence,younger_cohort,institutionally_supported,4.524,4.298,3.030,4.292,4.399,2.900,3.267,5.508
PLS0043,emerging_adulthood,3,24.4,emerging_adulthood,younger_cohort,institutionally_supported,3.828,4.891,3.251,3.824,4.785,3.821,4.228,4.820
PLS0043,adulthood,4,37.6,adulthood,younger_cohort,institutionally_supported,3.291,5.223,4.269,3.894,5.409,4.627,4.811,5.368
PLS0043,midlife,5,52.5,midlife,younger_cohort,institutionally_supported,3.635,5.411,4.817,3.490,5.127,5.747,5.394,4.482
PLS0043,later_life,6,69.7,later_life,younger_cohort,institutionally_supported,3.675,4.951,5.463,3.871,5.750,5.695,5.804,5.125
PLS0044,childhood,1,8.6,childhood,older_cohort,institutionally_supported,3.995,3.906,2.827,4.822,3.670,3.243,3.726,5.028
PLS0044,adolescence,2,15.4,adolescence,older_cohort,institutionally_supported,3.958,3.548,3.430,4.757,3.465,3.061,3.315,5.002
PLS0044,emerging_adulthood,3,23.4,emerging_adulthood,older_cohort,institutionally_supported,3.537,3.959,3.832,4.945,3.529,4.288,4.374,4.856
PLS0044,adulthood,4,39.0,adulthood,older_cohort,institutionally_supported,3.300,3.940,4.501,4.526,4.226,4.784,5.385,4.916
PLS0044,midlife,5,53.0,midlife,older_cohort,institutionally_supported,2.511,4.035,4.828,4.798,4.338,5.231,5.315,5.279
PLS0044,later_life,6,70.2,later_life,older_cohort,institutionally_supported,2.904,3.804,5.582,4.469,4.929,4.929,5.769,4.595
PLS0045,childhood,1,9.3,childhood,middle_cohort,high_transition_context,4.727,5.255,4.021,5.143,4.033,2.600,3.842,4.416
PLS0045,adolescence,2,17.0,adolescence,middle_cohort,high_transition_context,4.625,4.499,4.100,5.212,3.714,2.558,4.084,3.752
PLS0045,emerging_adulthood,3,23.1,emerging_adulthood,middle_cohort,high_transition_context,4.513,4.764,4.933,5.512,4.082,3.612,4.174,4.448
PLS0045,adulthood,4,39.1,adulthood,middle_cohort,high_transition_context,4.439,4.561,4.868,5.296,4.266,3.695,4.375,3.494
PLS0045,midlife,5,51.9,midlife,middle_cohort,high_transition_context,3.694,5.091,5.873,5.455,4.739,5.318,5.432,3.656
PLS0045,later_life,6,70.6,later_life,middle_cohort,high_transition_context,3.709,5.172,6.416,4.798,5.196,6.143,6.733,4.417
PLS0046,childhood,1,9.2,childhood,older_cohort,individualist_urban,4.690,5.062,4.049,5.465,3.271,3.083,3.014,4.384
PLS0046,adolescence,2,16.6,adolescence,older_cohort,individualist_urban,4.509,4.111,4.369,5.129,3.369,2.603,3.609,4.682
PLS0046,emerging_adulthood,3,25.1,emerging_adulthood,older_cohort,individualist_urban,4.201,4.541,4.627,5.487,4.185,3.789,4.425,4.721
PLS0046,adulthood,4,37.0,adulthood,older_cohort,individualist_urban,3.749,4.981,5.691,4.870,3.519,4.709,4.671,3.939
PLS0046,midlife,5,52.0,midlife,older_cohort,individualist_urban,4.037,4.842,6.341,4.560,5.315,5.171,5.833,4.150
PLS0046,later_life,6,70.3,later_life,older_cohort,individualist_urban,3.535,4.932,6.873,4.895,4.864,5.109,5.767,3.734
PLS0047,childhood,1,8.3,childhood,younger_cohort,communal_mixed,4.193,4.127,3.972,4.521,4.378,2.263,4.098,4.842
PLS0047,adolescence,2,15.9,adolescence,younger_cohort,communal_mixed,4.082,3.830,3.946,5.519,4.482,2.984,4.645,4.730
PLS0047,emerging_adulthood,3,22.8,emerging_adulthood,younger_cohort,communal_mixed,3.599,4.314,4.658,5.731,4.880,3.691,4.617,4.323
PLS0047,adulthood,4,37.8,adulthood,younger_cohort,communal_mixed,3.483,4.829,5.624,5.100,4.963,4.473,5.303,4.236
PLS0047,midlife,5,51.4,midlife,younger_cohort,communal_mixed,3.556,4.778,6.269,4.828,5.120,4.983,5.255,4.493
PLS0047,later_life,6,69.4,later_life,younger_cohort,communal_mixed,3.538,4.677,6.724,4.768,5.904,5.544,6.446,4.713
PLS0048,childhood,1,8.5,childhood,younger_cohort,high_transition_context,4.181,4.225,3.866,5.271,3.472,2.461,3.216,3.006
PLS0048,adolescence,2,15.1,adolescence,younger_cohort,high_transition_context,3.721,4.429,4.446,4.687,2.834,2.742,3.874,4.179
PLS0048,emerging_adulthood,3,24.1,emerging_adulthood,younger_cohort,high_transition_context,3.764,4.272,3.990,5.045,3.825,2.900,4.266,4.027
PLS0048,adulthood,4,38.0,adulthood,younger_cohort,high_transition_context,4.021,4.531,5.506,5.037,4.265,4.566,5.006,3.955
PLS0048,midlife,5,51.9,midlife,younger_cohort,high_transition_context,4.043,4.131,5.956,5.398,4.019,4.970,6.035,3.965
PLS0048,later_life,6,69.1,later_life,younger_cohort,high_transition_context,3.676,4.420,7.000,5.067,4.946,5.543,6.370,3.560
PLS0049,childhood,1,9.6,childhood,middle_cohort,high_transition_context,4.793,4.386,3.595,3.527,4.594,2.256,3.619,4.045
PLS0049,adolescence,2,16.1,adolescence,middle_cohort,high_transition_context,5.017,4.009,4.037,3.677,3.932,3.105,3.516,3.733
PLS0049,emerging_adulthood,3,23.2,emerging_adulthood,middle_cohort,high_transition_context,4.439,3.916,4.053,3.818,4.818,3.173,4.422,3.657
PLS0049,adulthood,4,37.1,adulthood,middle_cohort,high_transition_context,4.402,4.158,4.717,3.713,4.696,4.650,4.931,3.597
PLS0049,midlife,5,52.5,midlife,middle_cohort,high_transition_context,4.638,4.368,5.847,3.240,4.980,5.080,5.672,3.539
PLS0049,later_life,6,69.1,later_life,middle_cohort,high_transition_context,4.261,4.179,6.305,3.816,5.187,5.388,5.871,3.617
PLS0050,childhood,1,8.1,childhood,older_cohort,communal_mixed,4.502,5.028,2.674,4.410,4.754,2.732,2.898,4.693
PLS0050,adolescence,2,17.0,adolescence,older_cohort,communal_mixed,3.822,4.711,2.897,4.853,4.636,2.719,3.411,4.352
PLS0050,emerging_adulthood,3,24.5,emerging_adulthood,older_cohort,communal_mixed,3.661,5.076,4.021,4.741,5.093,3.998,3.890,4.945
PLS0050,adulthood,4,36.9,adulthood,older_cohort,communal_mixed,4.075,5.242,4.440,4.664,5.552,4.682,4.573,4.384
PLS0050,midlife,5,50.8,midlife,older_cohort,communal_mixed,3.226,5.458,5.392,4.669,5.644,5.221,6.031,4.434
PLS0050,later_life,6,71.0,later_life,older_cohort,communal_mixed,3.313,5.734,4.891,4.442,5.699,5.868,5.761,4.725
PLS0051,childhood,1,9.9,childhood,middle_cohort,institutionally_supported,4.004,5.246,3.332,3.777,2.997,2.665,3.967,5.397
PLS0051,adolescence,2,16.0,adolescence,middle_cohort,institutionally_supported,4.479,5.408,3.673,4.609,3.272,2.877,3.985,5.764
PLS0051,emerging_adulthood,3,24.9,emerging_adulthood,middle_cohort,institutionally_supported,4.330,5.131,3.897,4.178,3.976,3.887,4.414,5.650
PLS0051,adulthood,4,38.5,adulthood,middle_cohort,institutionally_supported,3.690,5.083,4.714,4.500,3.642,4.059,4.844,4.503
PLS0051,midlife,5,51.6,midlife,middle_cohort,institutionally_supported,3.695,5.648,5.528,3.845,4.090,5.247,5.527,5.393
PLS0051,later_life,6,70.4,later_life,middle_cohort,institutionally_supported,3.913,5.378,5.838,4.018,4.546,5.237,6.519,5.064
PLS0052,childhood,1,9.4,childhood,older_cohort,communal_mixed,4.244,3.687,4.175,5.071,3.596,2.981,3.784,4.767
PLS0052,adolescence,2,15.0,adolescence,older_cohort,communal_mixed,4.007,3.757,4.275,6.021,3.956,3.016,3.790,4.986
PLS0052,emerging_adulthood,3,23.1,emerging_adulthood,older_cohort,communal_mixed,3.855,3.988,5.053,5.382,4.060,3.970,4.550,4.465
PLS0052,adulthood,4,37.9,adulthood,older_cohort,communal_mixed,3.733,3.880,5.014,5.450,4.021,4.670,5.348,5.153
PLS0052,midlife,5,52.5,midlife,older_cohort,communal_mixed,3.330,3.882,5.778,5.308,4.522,5.410,5.334,4.899
PLS0052,later_life,6,69.0,later_life,older_cohort,communal_mixed,3.325,4.687,7.000,5.078,5.154,5.169,6.216,4.518
PLS0053,childhood,1,9.3,childhood,younger_cohort,individualist_urban,4.174,4.307,3.194,4.000,3.504,2.913,3.095,4.209
PLS0053,adolescence,2,16.9,adolescence,younger_cohort,individualist_urban,4.244,4.336,2.938,4.914,3.686,3.058,2.957,4.295
PLS0053,emerging_adulthood,3,23.1,emerging_adulthood,younger_cohort,individualist_urban,4.161,4.861,4.177,4.206,4.932,3.312,3.922,4.216
PLS0053,adulthood,4,38.3,adulthood,younger_cohort,individualist_urban,3.936,4.259,4.594,4.154,4.048,3.828,4.595,4.055
PLS0053,midlife,5,52.7,midlife,younger_cohort,individualist_urban,3.565,4.924,5.275,3.806,5.274,5.129,5.860,3.932
PLS0053,later_life,6,70.6,later_life,younger_cohort,individualist_urban,3.332,4.627,5.426,3.306,5.130,5.685,5.886,4.132
PLS0054,childhood,1,10.0,childhood,middle_cohort,institutionally_supported,4.416,3.767,4.316,4.785,3.317,2.782,4.518,5.265
PLS0054,adolescence,2,14.8,adolescence,middle_cohort,institutionally_supported,3.862,3.301,3.948,4.533,4.359,3.514,4.189,5.348
PLS0054,emerging_adulthood,3,24.4,emerging_adulthood,middle_cohort,institutionally_supported,3.865,4.462,5.180,4.953,4.129,3.643,3.684,5.585
PLS0054,adulthood,4,38.7,adulthood,middle_cohort,institutionally_supported,3.480,3.725,5.348,4.715,4.154,4.284,5.485,4.679
PLS0054,midlife,5,52.6,midlife,middle_cohort,institutionally_supported,3.749,4.842,6.029,4.654,4.781,5.125,5.674,5.918
PLS0054,later_life,6,69.5,later_life,middle_cohort,institutionally_supported,3.709,4.223,7.000,4.391,4.723,5.415,6.883,5.266
PLS0055,childhood,1,10.0,childhood,older_cohort,high_transition_context,3.368,4.112,3.243,3.501,3.759,2.110,3.372,3.798
PLS0055,adolescence,2,14.9,adolescence,older_cohort,high_transition_context,4.302,3.527,3.401,3.930,4.406,2.443,4.178,3.995
PLS0055,emerging_adulthood,3,25.2,emerging_adulthood,older_cohort,high_transition_context,4.084,4.188,4.138,4.184,4.508,3.371,4.039,3.265
PLS0055,adulthood,4,39.0,adulthood,older_cohort,high_transition_context,3.789,3.901,4.651,4.093,4.667,4.355,4.300,3.536
PLS0055,midlife,5,52.0,midlife,older_cohort,high_transition_context,3.616,4.155,5.823,3.434,4.902,4.966,5.638,3.592
PLS0055,later_life,6,69.9,later_life,older_cohort,high_transition_context,3.077,4.178,6.235,3.922,5.575,5.766,6.377,3.338
PLS0056,childhood,1,8.3,childhood,middle_cohort,communal_mixed,4.765,4.309,4.020,3.715,4.023,3.413,3.585,4.471
PLS0056,adolescence,2,15.7,adolescence,middle_cohort,communal_mixed,4.683,4.147,4.117,4.399,4.093,3.382,4.101,4.546
PLS0056,emerging_adulthood,3,24.8,emerging_adulthood,middle_cohort,communal_mixed,4.434,4.128,4.573,4.040,4.447,3.907,4.051,4.457
PLS0056,adulthood,4,37.9,adulthood,middle_cohort,communal_mixed,4.354,4.653,5.417,2.788,4.790,4.297,5.101,4.351
PLS0056,midlife,5,50.9,midlife,middle_cohort,communal_mixed,4.358,5.292,6.047,3.798,5.048,5.305,5.384,4.205
PLS0056,later_life,6,70.0,later_life,middle_cohort,communal_mixed,4.161,4.096,6.781,3.999,4.962,5.525,6.463,4.425
PLS0057,childhood,1,8.7,childhood,middle_cohort,institutionally_supported,3.625,5.103,3.371,3.939,4.329,3.238,3.825,5.530
PLS0057,adolescence,2,16.0,adolescence,middle_cohort,institutionally_supported,3.627,5.270,4.106,4.228,4.598,2.887,3.538,4.655
PLS0057,emerging_adulthood,3,24.1,emerging_adulthood,middle_cohort,institutionally_supported,3.826,4.976,4.823,3.967,4.466,3.829,4.730,4.892
PLS0057,adulthood,4,38.3,adulthood,middle_cohort,institutionally_supported,3.135,4.802,5.052,4.221,5.323,4.922,4.954,5.033
PLS0057,midlife,5,52.3,midlife,middle_cohort,institutionally_supported,2.826,5.032,4.901,4.543,4.651,5.058,6.397,4.823
PLS0057,later_life,6,70.8,later_life,middle_cohort,institutionally_supported,3.023,6.047,6.406,4.002,5.379,5.604,6.426,4.806
PLS0058,childhood,1,9.5,childhood,middle_cohort,communal_mixed,4.636,4.489,3.574,2.905,3.296,2.841,3.315,4.252
PLS0058,adolescence,2,16.5,adolescence,middle_cohort,communal_mixed,4.765,4.684,3.020,4.062,4.495,2.764,3.749,5.410
PLS0058,emerging_adulthood,3,23.8,emerging_adulthood,middle_cohort,communal_mixed,3.997,4.027,3.656,4.119,4.469,3.482,4.387,4.757
PLS0058,adulthood,4,37.9,adulthood,middle_cohort,communal_mixed,4.158,4.609,4.401,3.543,4.576,4.864,4.895,4.687
PLS0058,midlife,5,52.1,midlife,middle_cohort,communal_mixed,3.895,4.561,5.224,3.928,5.076,4.575,5.567,4.344
PLS0058,later_life,6,70.6,later_life,middle_cohort,communal_mixed,3.516,4.967,5.329,3.578,5.816,5.647,6.525,4.194
PLS0059,childhood,1,10.1,childhood,older_cohort,individualist_urban,5.291,4.662,3.038,4.845,3.939,2.726,4.186,3.706
PLS0059,adolescence,2,16.0,adolescence,older_cohort,individualist_urban,4.882,4.853,2.883,4.928,3.975,3.367,4.014,3.574
PLS0059,emerging_adulthood,3,24.3,emerging_adulthood,older_cohort,individualist_urban,4.238,5.551,3.985,4.954,4.031,3.339,3.791,4.345
PLS0059,adulthood,4,38.4,adulthood,older_cohort,individualist_urban,4.187,5.169,4.852,5.063,4.304,4.449,4.851,4.084
PLS0059,midlife,5,52.8,midlife,older_cohort,individualist_urban,4.023,4.809,5.639,5.360,3.718,5.120,5.672,3.920
PLS0059,later_life,6,69.9,later_life,older_cohort,individualist_urban,3.965,5.231,5.951,5.039,4.892,5.196,5.846,4.371
PLS0060,childhood,1,9.1,childhood,middle_cohort,high_transition_context,4.629,3.747,3.603,5.297,4.289,3.501,3.243,3.904
PLS0060,adolescence,2,16.4,adolescence,middle_cohort,high_transition_context,4.520,3.473,3.262,5.416,4.459,2.919,3.580,3.498
PLS0060,emerging_adulthood,3,24.9,emerging_adulthood,middle_cohort,high_transition_context,4.970,3.607,3.936,5.468,4.680,3.322,4.129,3.104
PLS0060,adulthood,4,37.7,adulthood,middle_cohort,high_transition_context,4.482,3.193,5.088,4.800,5.758,4.023,4.394,2.649
PLS0060,midlife,5,53.1,midlife,middle_cohort,high_transition_context,4.557,3.649,5.297,5.382,5.446,4.674,5.368,3.820
PLS0060,later_life,6,70.9,later_life,middle_cohort,high_transition_context,4.090,3.812,5.351,4.710,5.632,4.807,6.030,4.046
PLS0061,childhood,1,10.0,childhood,middle_cohort,institutionally_supported,4.132,5.184,3.688,4.911,3.901,3.001,3.246,4.373
PLS0061,adolescence,2,16.9,adolescence,middle_cohort,institutionally_supported,3.531,4.383,2.811,5.990,4.135,3.032,3.470,4.324
PLS0061,emerging_adulthood,3,23.4,emerging_adulthood,middle_cohort,institutionally_supported,3.604,4.385,3.503,5.656,4.112,4.072,4.436,5.665
PLS0061,adulthood,4,37.9,adulthood,middle_cohort,institutionally_supported,3.108,4.653,4.275,5.258,4.942,4.856,4.695,4.396
PLS0061,midlife,5,51.9,midlife,middle_cohort,institutionally_supported,3.364,4.707,5.394,5.060,5.407,5.244,5.492,5.273
PLS0061,later_life,6,69.8,later_life,middle_cohort,institutionally_supported,3.456,4.806,6.014,5.706,5.454,5.673,6.317,4.368
PLS0062,childhood,1,8.8,childhood,younger_cohort,communal_mixed,3.974,5.052,2.858,3.858,3.453,3.293,3.792,5.363
PLS0062,adolescence,2,16.8,adolescence,younger_cohort,communal_mixed,3.190,4.164,3.226,4.455,3.834,3.062,3.648,4.208
PLS0062,emerging_adulthood,3,24.6,emerging_adulthood,younger_cohort,communal_mixed,3.905,4.461,4.215,4.520,3.925,3.141,3.935,4.119
PLS0062,adulthood,4,38.5,adulthood,younger_cohort,communal_mixed,3.509,4.975,4.365,3.736,4.312,4.770,5.399,4.680
PLS0062,midlife,5,53.0,midlife,younger_cohort,communal_mixed,3.003,5.419,5.640,3.791,4.780,5.022,5.254,4.736
PLS0062,later_life,6,71.1,later_life,younger_cohort,communal_mixed,3.193,5.166,6.049,3.916,5.080,4.968,6.315,4.272
PLS0063,childhood,1,10.1,childhood,younger_cohort,individualist_urban,4.951,4.046,2.794,4.227,4.546,3.525,3.397,4.460
PLS0063,adolescence,2,16.0,adolescence,younger_cohort,individualist_urban,5.087,4.169,3.105,4.688,4.623,2.930,3.189,3.717
PLS0063,emerging_adulthood,3,22.8,emerging_adulthood,younger_cohort,individualist_urban,4.885,4.561,3.924,4.714,5.281,4.042,4.516,3.783
PLS0063,adulthood,4,37.6,adulthood,younger_cohort,individualist_urban,4.306,4.425,4.269,4.027,5.035,4.046,4.873,4.747
PLS0063,midlife,5,53.0,midlife,younger_cohort,individualist_urban,4.338,4.190,5.428,4.487,5.436,4.940,5.630,3.570
PLS0063,later_life,6,69.5,later_life,younger_cohort,individualist_urban,3.576,4.045,5.631,4.328,5.763,5.552,5.795,3.664
PLS0064,childhood,1,9.9,childhood,older_cohort,communal_mixed,4.003,4.247,3.979,5.639,5.104,2.956,3.724,5.171
PLS0064,adolescence,2,16.3,adolescence,older_cohort,communal_mixed,3.989,4.230,3.974,5.901,5.731,3.282,3.634,5.138
PLS0064,emerging_adulthood,3,23.4,emerging_adulthood,older_cohort,communal_mixed,3.736,4.477,4.336,5.938,5.429,3.989,4.529,5.343
PLS0064,adulthood,4,37.9,adulthood,older_cohort,communal_mixed,4.199,4.321,5.451,5.134,5.274,4.495,4.534,4.727
PLS0064,midlife,5,52.5,midlife,older_cohort,communal_mixed,3.458,4.812,5.938,5.658,6.627,5.023,5.604,4.525
PLS0064,later_life,6,69.3,later_life,older_cohort,communal_mixed,3.108,4.916,6.460,5.262,6.481,5.685,6.024,4.501
PLS0065,childhood,1,9.8,childhood,middle_cohort,institutionally_supported,4.333,4.820,2.656,3.916,3.982,3.005,3.069,5.565
PLS0065,adolescence,2,15.6,adolescence,middle_cohort,institutionally_supported,4.160,4.196,2.827,4.359,4.183,3.450,3.926,4.922
PLS0065,emerging_adulthood,3,24.5,emerging_adulthood,middle_cohort,institutionally_supported,3.802,4.104,3.774,4.012,4.145,4.476,3.981,5.748
PLS0065,adulthood,4,39.0,adulthood,middle_cohort,institutionally_supported,3.609,4.637,4.509,3.906,4.153,4.752,5.656,5.381
PLS0065,midlife,5,52.1,midlife,middle_cohort,institutionally_supported,3.341,3.893,5.817,3.641,5.151,5.595,5.546,4.883
PLS0065,later_life,6,69.2,later_life,middle_cohort,institutionally_supported,3.603,4.625,5.048,3.384,4.879,5.410,6.406,4.182
PLS0066,childhood,1,8.1,childhood,middle_cohort,individualist_urban,3.696,4.726,3.521,3.943,4.098,3.173,4.158,3.770
PLS0066,adolescence,2,16.9,adolescence,middle_cohort,individualist_urban,4.319,3.952,3.957,4.279,2.999,2.982,3.987,3.247
PLS0066,emerging_adulthood,3,23.9,emerging_adulthood,middle_cohort,individualist_urban,4.270,4.381,4.310,4.640,3.432,3.533,4.717,3.976
PLS0066,adulthood,4,38.9,adulthood,middle_cohort,individualist_urban,3.386,4.276,5.479,4.005,4.391,4.196,5.093,4.042
PLS0066,midlife,5,51.9,midlife,middle_cohort,individualist_urban,3.632,4.680,5.177,3.695,4.808,4.609,5.515,4.055
PLS0066,later_life,6,70.6,later_life,middle_cohort,individualist_urban,3.488,4.968,6.561,4.045,5.450,5.046,6.095,4.389
PLS0067,childhood,1,9.3,childhood,middle_cohort,individualist_urban,5.082,3.967,3.045,4.916,3.188,2.058,2.861,3.788
PLS0067,adolescence,2,16.6,adolescence,middle_cohort,individualist_urban,4.092,3.873,1.795,4.974,3.695,2.615,3.440,4.529
PLS0067,emerging_adulthood,3,24.7,emerging_adulthood,middle_cohort,individualist_urban,4.558,4.051,3.620,5.049,3.269,3.381,3.845,3.998
PLS0067,adulthood,4,38.0,adulthood,middle_cohort,individualist_urban,4.261,4.558,3.970,4.609,3.651,4.325,4.852,4.350
PLS0067,midlife,5,52.0,midlife,middle_cohort,individualist_urban,4.378,4.816,5.142,4.383,4.530,5.371,5.921,4.490
PLS0067,later_life,6,69.3,later_life,middle_cohort,individualist_urban,4.599,4.284,5.869,4.128,4.905,5.815,6.369,4.440
PLS0068,childhood,1,7.8,childhood,younger_cohort,institutionally_supported,4.134,4.554,4.036,5.184,3.215,3.615,3.989,5.145
PLS0068,adolescence,2,15.9,adolescence,younger_cohort,institutionally_supported,3.567,4.503,3.564,5.362,3.897,2.441,3.567,4.937
PLS0068,emerging_adulthood,3,22.9,emerging_adulthood,younger_cohort,institutionally_supported,3.926,5.291,5.212,5.505,3.520,3.672,5.452,4.445
PLS0068,adulthood,4,37.5,adulthood,younger_cohort,institutionally_supported,3.639,5.652,5.733,5.250,3.699,4.442,5.299,4.429
PLS0068,midlife,5,52.7,midlife,younger_cohort,institutionally_supported,3.449,4.987,5.716,5.017,4.416,6.144,6.445,4.692
PLS0068,later_life,6,70.9,later_life,younger_cohort,institutionally_supported,2.289,4.561,6.761,4.774,4.986,5.378,6.396,4.876
PLS0069,childhood,1,9.5,childhood,older_cohort,high_transition_context,5.374,3.479,3.832,3.904,3.357,2.447,4.237,3.802
PLS0069,adolescence,2,17.0,adolescence,older_cohort,high_transition_context,4.213,3.573,4.128,4.641,3.481,2.668,3.207,4.243
PLS0069,emerging_adulthood,3,25.1,emerging_adulthood,older_cohort,high_transition_context,4.463,3.938,4.358,4.689,3.318,2.929,4.161,4.526
PLS0069,adulthood,4,38.1,adulthood,older_cohort,high_transition_context,4.064,3.472,5.024,4.215,3.995,4.422,5.443,4.287
PLS0069,midlife,5,52.6,midlife,older_cohort,high_transition_context,4.093,3.945,5.898,4.356,4.323,4.802,5.325,2.722
PLS0069,later_life,6,70.8,later_life,older_cohort,high_transition_context,4.217,4.782,7.000,3.956,3.971,4.812,6.181,3.278
PLS0070,childhood,1,9.1,childhood,middle_cohort,individualist_urban,4.804,4.801,3.278,3.899,2.934,2.500,3.366,4.363
PLS0070,adolescence,2,16.1,adolescence,middle_cohort,individualist_urban,5.700,4.823,3.465,3.781,3.563,2.339,3.413,4.417
PLS0070,emerging_adulthood,3,24.3,emerging_adulthood,middle_cohort,individualist_urban,5.028,4.895,3.461,4.086,3.772,3.834,4.265,4.351
PLS0070,adulthood,4,38.3,adulthood,middle_cohort,individualist_urban,4.471,4.806,5.061,3.985,3.744,4.690,5.127,4.225
PLS0070,midlife,5,52.0,midlife,middle_cohort,individualist_urban,3.937,5.498,5.420,3.784,3.919,5.112,5.392,4.214
PLS0070,later_life,6,69.6,later_life,middle_cohort,individualist_urban,4.116,5.703,5.628,4.047,4.280,4.807,6.540,4.007
PLS0071,childhood,1,8.2,childhood,older_cohort,institutionally_supported,4.232,4.448,3.041,5.318,4.104,3.479,3.588,5.222
PLS0071,adolescence,2,17.1,adolescence,older_cohort,institutionally_supported,3.901,4.229,3.061,5.156,4.541,3.153,3.127,5.609
PLS0071,emerging_adulthood,3,25.2,emerging_adulthood,older_cohort,institutionally_supported,4.402,4.563,3.635,5.970,5.335,3.490,3.912,4.817
PLS0071,adulthood,4,38.1,adulthood,older_cohort,institutionally_supported,3.434,4.742,4.274,5.087,5.113,3.848,4.198,5.028
PLS0071,midlife,5,51.6,midlife,older_cohort,institutionally_supported,3.117,4.930,5.546,5.246,5.202,5.877,5.722,5.875
PLS0071,later_life,6,69.1,later_life,older_cohort,institutionally_supported,3.313,4.521,5.660,5.197,6.243,5.220,5.987,5.629
PLS0072,childhood,1,8.1,childhood,middle_cohort,individualist_urban,4.332,4.967,4.334,3.553,4.280,2.597,3.338,4.615
PLS0072,adolescence,2,16.2,adolescence,middle_cohort,individualist_urban,3.653,4.458,3.859,4.200,3.310,3.169,4.477,4.165
PLS0072,emerging_adulthood,3,23.3,emerging_adulthood,middle_cohort,individualist_urban,3.013,4.283,4.401,3.856,4.544,2.887,4.635,4.867
PLS0072,adulthood,4,38.3,adulthood,middle_cohort,individualist_urban,3.510,4.399,4.951,3.476,5.048,3.525,5.064,4.464
PLS0072,midlife,5,51.4,midlife,middle_cohort,individualist_urban,3.694,4.429,5.821,3.468,4.993,4.930,5.547,3.647
PLS0072,later_life,6,70.5,later_life,middle_cohort,individualist_urban,3.181,5.423,6.425,3.740,5.163,5.351,6.588,4.451
PLS0073,childhood,1,8.4,childhood,middle_cohort,individualist_urban,4.655,5.215,3.088,4.835,4.217,3.645,3.966,4.104
PLS0073,adolescence,2,16.2,adolescence,middle_cohort,individualist_urban,5.136,4.782,3.559,5.539,4.190,3.390,4.146,3.825
PLS0073,emerging_adulthood,3,23.4,emerging_adulthood,middle_cohort,individualist_urban,4.557,5.627,3.594,5.252,4.216,3.495,4.452,4.887
PLS0073,adulthood,4,38.8,adulthood,middle_cohort,individualist_urban,4.351,5.041,4.527,5.204,4.812,3.598,5.121,4.891
PLS0073,midlife,5,51.1,midlife,middle_cohort,individualist_urban,4.172,4.835,5.175,5.268,4.800,4.597,6.237,3.266
PLS0073,later_life,6,69.2,later_life,middle_cohort,individualist_urban,4.156,5.388,5.822,4.342,5.391,5.127,6.060,3.867
PLS0074,childhood,1,9.0,childhood,older_cohort,individualist_urban,4.626,3.947,3.471,4.279,4.872,2.380,3.592,4.427
PLS0074,adolescence,2,15.2,adolescence,older_cohort,individualist_urban,4.412,3.918,3.579,4.109,4.972,2.703,3.576,5.181
PLS0074,emerging_adulthood,3,23.1,emerging_adulthood,older_cohort,individualist_urban,4.685,4.070,4.677,4.645,4.625,3.468,3.933,4.280
PLS0074,adulthood,4,38.9,adulthood,older_cohort,individualist_urban,3.895,4.421,4.941,4.006,4.767,4.035,5.455,4.368
PLS0074,midlife,5,53.1,midlife,older_cohort,individualist_urban,4.166,4.198,5.682,4.469,5.521,5.850,5.427,4.326
PLS0074,later_life,6,70.5,later_life,older_cohort,individualist_urban,3.725,3.876,6.584,3.733,5.202,5.684,6.883,4.228
PLS0075,childhood,1,8.3,childhood,younger_cohort,individualist_urban,5.220,3.652,4.126,4.590,4.060,3.286,3.994,4.126
PLS0075,adolescence,2,14.9,adolescence,younger_cohort,individualist_urban,4.706,3.689,3.385,4.684,3.978,2.383,3.464,3.740
PLS0075,emerging_adulthood,3,24.6,emerging_adulthood,younger_cohort,individualist_urban,3.929,3.923,3.630,4.353,3.726,4.224,4.177,4.790
PLS0075,adulthood,4,38.4,adulthood,younger_cohort,individualist_urban,4.526,3.647,5.024,4.308,4.816,4.374,4.849,3.936
PLS0075,midlife,5,53.2,midlife,younger_cohort,individualist_urban,4.233,3.920,4.699,4.081,4.500,4.254,5.228,4.276
PLS0075,later_life,6,69.0,later_life,younger_cohort,individualist_urban,4.171,3.778,5.293,3.942,5.271,5.553,6.398,4.471
PLS0076,childhood,1,8.3,childhood,younger_cohort,high_transition_context,4.363,4.481,3.347,4.514,3.590,2.642,3.455,3.321
PLS0076,adolescence,2,16.8,adolescence,younger_cohort,high_transition_context,4.597,4.367,2.682,5.190,3.456,2.631,3.483,3.143
PLS0076,emerging_adulthood,3,24.6,emerging_adulthood,younger_cohort,high_transition_context,3.592,4.594,3.919,5.541,4.064,3.681,4.376,3.363
PLS0076,adulthood,4,38.7,adulthood,younger_cohort,high_transition_context,3.342,4.933,4.125,4.831,3.867,4.313,4.469,3.677
PLS0076,midlife,5,52.9,midlife,younger_cohort,high_transition_context,2.918,4.725,5.366,4.449,4.401,4.498,5.552,3.624
PLS0076,later_life,6,69.7,later_life,younger_cohort,high_transition_context,3.146,4.537,5.319,4.732,4.598,5.366,5.747,4.072
PLS0077,childhood,1,8.6,childhood,middle_cohort,individualist_urban,4.665,4.465,3.228,4.909,3.629,2.191,3.311,4.385
PLS0077,adolescence,2,15.7,adolescence,middle_cohort,individualist_urban,4.529,4.200,2.832,6.104,3.763,2.623,3.141,4.279
PLS0077,emerging_adulthood,3,23.1,emerging_adulthood,middle_cohort,individualist_urban,4.788,4.675,4.124,6.342,4.448,3.427,4.392,4.251
PLS0077,adulthood,4,37.1,adulthood,middle_cohort,individualist_urban,4.984,5.530,4.663,4.984,4.387,4.082,5.341,4.352
PLS0077,midlife,5,52.5,midlife,middle_cohort,individualist_urban,4.250,4.751,4.909,5.262,4.770,4.524,5.687,4.394
PLS0077,later_life,6,69.8,later_life,middle_cohort,individualist_urban,4.214,4.926,5.908,5.029,5.669,5.322,6.425,4.167
PLS0078,childhood,1,8.7,childhood,older_cohort,institutionally_supported,4.577,4.070,3.133,4.708,4.351,2.895,3.768,5.386
PLS0078,adolescence,2,15.1,adolescence,older_cohort,institutionally_supported,4.181,4.119,3.679,5.066,3.408,2.827,4.021,5.225
PLS0078,emerging_adulthood,3,23.1,emerging_adulthood,older_cohort,institutionally_supported,4.233,4.068,4.551,5.107,4.030,3.895,4.424,5.192
PLS0078,adulthood,4,37.3,adulthood,older_cohort,institutionally_supported,3.656,4.022,4.795,4.571,4.117,3.794,4.945,5.056
PLS0078,midlife,5,52.7,midlife,older_cohort,institutionally_supported,4.078,3.835,6.280,4.689,4.902,4.972,5.517,4.664
PLS0078,later_life,6,71.1,later_life,older_cohort,institutionally_supported,3.585,4.837,7.000,4.189,4.764,5.502,6.760,4.764
PLS0079,childhood,1,9.5,childhood,middle_cohort,communal_mixed,4.286,5.110,3.541,4.859,4.521,2.740,3.464,4.379
PLS0079,adolescence,2,16.8,adolescence,middle_cohort,communal_mixed,4.047,4.815,3.576,4.751,4.434,2.522,3.746,4.940
PLS0079,emerging_adulthood,3,24.2,emerging_adulthood,middle_cohort,communal_mixed,3.346,5.989,4.137,5.387,5.036,3.930,5.131,5.348
PLS0079,adulthood,4,37.6,adulthood,middle_cohort,communal_mixed,3.466,5.578,5.080,4.500,5.262,4.122,4.998,5.061
PLS0079,midlife,5,51.6,midlife,middle_cohort,communal_mixed,3.102,5.223,5.454,4.783,5.563,4.858,5.914,4.048
PLS0079,later_life,6,69.7,later_life,middle_cohort,communal_mixed,3.636,5.855,5.788,5.066,5.541,5.180,6.096,4.619
PLS0080,childhood,1,7.9,childhood,younger_cohort,communal_mixed,4.615,3.619,2.897,4.002,3.821,2.706,2.976,4.118
PLS0080,adolescence,2,15.3,adolescence,younger_cohort,communal_mixed,4.495,3.541,2.884,4.266,3.790,2.404,3.436,4.105
PLS0080,emerging_adulthood,3,24.2,emerging_adulthood,younger_cohort,communal_mixed,3.799,3.835,3.682,4.273,4.551,4.011,3.996,5.421
PLS0080,adulthood,4,38.7,adulthood,younger_cohort,communal_mixed,4.590,3.773,4.283,4.275,4.111,4.519,5.250,4.477
PLS0080,midlife,5,50.9,midlife,younger_cohort,communal_mixed,3.773,4.587,4.800,3.590,4.590,5.265,5.485,5.129
PLS0080,later_life,6,70.3,later_life,younger_cohort,communal_mixed,3.769,4.197,5.222,3.186,5.133,5.354,5.650,4.471
PLS0081,childhood,1,8.7,childhood,younger_cohort,institutionally_supported,4.607,4.870,3.797,4.491,3.653,2.321,3.579,5.028
PLS0081,adolescence,2,16.8,adolescence,younger_cohort,institutionally_supported,3.437,4.003,3.785,5.034,3.157,2.745,3.675,4.303
PLS0081,emerging_adulthood,3,23.7,emerging_adulthood,younger_cohort,institutionally_supported,3.229,3.977,4.736,5.018,3.050,3.453,4.996,4.317
PLS0081,adulthood,4,38.3,adulthood,younger_cohort,institutionally_supported,2.959,4.514,5.973,4.248,3.913,4.587,5.057,5.109
PLS0081,midlife,5,51.7,midlife,younger_cohort,institutionally_supported,2.908,4.450,5.814,4.315,4.428,5.211,5.895,4.927
PLS0081,later_life,6,70.5,later_life,younger_cohort,institutionally_supported,3.255,4.048,6.831,4.145,4.725,5.413,6.282,5.143
PLS0082,childhood,1,8.2,childhood,younger_cohort,communal_mixed,4.238,4.315,3.123,4.619,4.490,3.258,3.594,5.197
PLS0082,adolescence,2,14.8,adolescence,younger_cohort,communal_mixed,3.969,4.865,3.873,4.355,4.453,2.829,3.504,4.387
PLS0082,emerging_adulthood,3,24.5,emerging_adulthood,younger_cohort,communal_mixed,3.892,4.809,4.662,4.362,4.055,4.032,4.056,4.456
PLS0082,adulthood,4,38.0,adulthood,younger_cohort,communal_mixed,3.769,5.054,4.992,4.469,4.813,4.906,5.078,5.461
PLS0082,midlife,5,51.4,midlife,younger_cohort,communal_mixed,3.478,4.756,5.380,4.467,5.406,4.901,6.150,4.856
PLS0082,later_life,6,70.5,later_life,younger_cohort,communal_mixed,3.065,5.449,6.346,4.299,5.749,5.425,6.371,4.878
PLS0083,childhood,1,8.0,childhood,younger_cohort,individualist_urban,4.095,3.634,3.444,3.685,4.536,2.460,3.462,3.848
PLS0083,adolescence,2,15.5,adolescence,younger_cohort,individualist_urban,4.408,3.647,4.114,3.958,4.083,2.889,2.971,4.887
PLS0083,emerging_adulthood,3,24.5,emerging_adulthood,younger_cohort,individualist_urban,4.119,4.386,4.685,4.301,4.719,3.663,3.895,4.477
PLS0083,adulthood,4,39.0,adulthood,younger_cohort,individualist_urban,3.950,4.243,4.503,3.599,5.030,4.156,5.157,4.153
PLS0083,midlife,5,51.3,midlife,younger_cohort,individualist_urban,3.370,4.098,5.915,3.781,5.328,5.266,5.681,4.450
PLS0083,later_life,6,70.3,later_life,younger_cohort,individualist_urban,3.342,4.104,6.854,3.711,5.060,4.917,6.392,4.080
PLS0084,childhood,1,9.7,childhood,younger_cohort,individualist_urban,4.132,3.955,4.036,5.023,3.120,3.292,4.051,4.465
PLS0084,adolescence,2,15.3,adolescence,younger_cohort,individualist_urban,3.851,3.684,3.892,5.041,3.242,3.552,4.149,4.076
PLS0084,emerging_adulthood,3,23.8,emerging_adulthood,younger_cohort,individualist_urban,3.565,4.443,4.446,5.126,3.068,3.602,4.590,4.230
PLS0084,adulthood,4,38.4,adulthood,younger_cohort,individualist_urban,4.218,4.307,4.699,4.323,3.622,3.907,5.833,3.850
PLS0084,midlife,5,53.0,midlife,younger_cohort,individualist_urban,3.403,3.700,5.722,4.238,3.929,5.146,5.425,3.593
PLS0084,later_life,6,69.2,later_life,younger_cohort,individualist_urban,2.933,4.048,6.295,4.312,4.784,5.453,6.059,4.100
PLS0085,childhood,1,9.2,childhood,younger_cohort,high_transition_context,4.850,4.250,2.878,4.732,3.677,2.625,3.586,3.950
PLS0085,adolescence,2,16.1,adolescence,younger_cohort,high_transition_context,4.633,4.308,2.888,4.841,4.068,2.407,2.622,4.383
PLS0085,emerging_adulthood,3,24.7,emerging_adulthood,younger_cohort,high_transition_context,5.255,4.605,3.211,5.378,3.991,3.523,4.291,2.662
PLS0085,adulthood,4,39.0,adulthood,younger_cohort,high_transition_context,4.167,4.446,3.861,4.716,4.394,3.951,4.177,4.694
PLS0085,midlife,5,51.0,midlife,younger_cohort,high_transition_context,4.083,4.911,5.023,4.583,4.843,4.887,5.370,4.671
PLS0085,later_life,6,71.1,later_life,younger_cohort,high_transition_context,3.876,4.756,5.631,4.395,5.069,5.499,6.326,3.469
PLS0086,childhood,1,9.7,childhood,younger_cohort,communal_mixed,3.882,5.063,3.230,4.983,3.905,3.422,3.203,5.231
PLS0086,adolescence,2,16.1,adolescence,younger_cohort,communal_mixed,4.405,4.336,3.939,5.022,4.106,2.988,3.898,5.229
PLS0086,emerging_adulthood,3,23.6,emerging_adulthood,younger_cohort,communal_mixed,3.495,4.868,4.367,5.293,4.728,3.370,4.192,5.140
PLS0086,adulthood,4,37.0,adulthood,younger_cohort,communal_mixed,3.726,5.396,5.174,4.976,4.773,4.499,5.502,4.383
PLS0086,midlife,5,53.0,midlife,younger_cohort,communal_mixed,3.415,5.308,5.241,4.875,5.168,4.540,5.538,4.606
PLS0086,later_life,6,71.2,later_life,younger_cohort,communal_mixed,3.041,5.236,6.508,4.832,5.215,5.420,5.997,4.625
PLS0087,childhood,1,8.7,childhood,older_cohort,high_transition_context,4.557,4.899,3.393,4.322,4.041,2.604,3.994,4.450
PLS0087,adolescence,2,14.9,adolescence,older_cohort,high_transition_context,4.461,4.145,2.769,5.372,3.891,2.451,3.849,4.415
PLS0087,emerging_adulthood,3,24.6,emerging_adulthood,older_cohort,high_transition_context,4.022,4.043,3.583,4.912,4.982,3.827,3.161,4.551
PLS0087,adulthood,4,37.9,adulthood,older_cohort,high_transition_context,3.984,4.537,4.061,4.935,5.486,3.380,4.031,3.893
PLS0087,midlife,5,52.3,midlife,older_cohort,high_transition_context,3.869,4.752,5.006,4.633,5.045,4.989,5.218,4.260
PLS0087,later_life,6,70.2,later_life,older_cohort,high_transition_context,4.015,4.512,5.877,4.231,5.910,5.489,4.932,2.795
PLS0088,childhood,1,8.4,childhood,younger_cohort,communal_mixed,4.299,3.380,4.072,3.742,4.484,3.626,4.307,4.271
PLS0088,adolescence,2,16.1,adolescence,younger_cohort,communal_mixed,4.057,3.520,4.179,4.364,5.047,2.792,3.442,5.195
PLS0088,emerging_adulthood,3,23.1,emerging_adulthood,younger_cohort,communal_mixed,3.273,3.754,4.692,4.169,5.106,3.328,4.098,4.355
PLS0088,adulthood,4,37.4,adulthood,younger_cohort,communal_mixed,3.403,4.132,5.482,3.446,5.634,3.833,5.003,4.670
PLS0088,midlife,5,52.1,midlife,younger_cohort,communal_mixed,3.262,4.207,6.305,3.875,6.205,4.987,6.180,4.252
PLS0088,later_life,6,68.9,later_life,younger_cohort,communal_mixed,3.549,4.007,5.986,3.892,5.950,5.448,6.269,4.419
PLS0089,childhood,1,7.9,childhood,older_cohort,individualist_urban,4.870,3.409,3.485,5.178,3.703,2.292,3.676,4.389
PLS0089,adolescence,2,16.3,adolescence,older_cohort,individualist_urban,5.483,3.141,3.754,5.273,3.709,2.601,4.279,3.779
PLS0089,emerging_adulthood,3,24.8,emerging_adulthood,older_cohort,individualist_urban,4.608,3.301,4.429,5.547,3.805,3.847,4.284,4.612
PLS0089,adulthood,4,37.0,adulthood,older_cohort,individualist_urban,4.722,4.058,5.025,5.217,4.263,4.569,5.298,4.280
PLS0089,midlife,5,52.2,midlife,older_cohort,individualist_urban,3.813,3.780,5.940,5.765,3.929,4.733,6.011,4.824
PLS0089,later_life,6,70.6,later_life,older_cohort,individualist_urban,4.438,3.805,6.685,4.739,4.770,5.377,6.676,4.120
PLS0090,childhood,1,10.1,childhood,older_cohort,high_transition_context,4.599,3.709,3.521,4.399,4.431,3.430,3.426,3.620
PLS0090,adolescence,2,15.2,adolescence,older_cohort,high_transition_context,4.172,3.596,3.876,5.615,3.981,3.166,3.788,4.280
PLS0090,emerging_adulthood,3,24.6,emerging_adulthood,older_cohort,high_transition_context,4.808,3.076,4.325,5.328,4.540,3.537,4.033,3.795
PLS0090,adulthood,4,38.6,adulthood,older_cohort,high_transition_context,3.967,3.355,3.788,4.820,4.563,3.968,3.945,4.178
PLS0090,midlife,5,52.6,midlife,older_cohort,high_transition_context,3.642,4.187,5.111,5.409,5.069,4.016,6.100,4.516
PLS0090,later_life,6,69.5,later_life,older_cohort,high_transition_context,3.116,3.520,6.107,4.519,5.208,6.063,6.036,4.142
PLS0091,childhood,1,9.0,childhood,middle_cohort,individualist_urban,3.935,5.054,2.214,3.596,3.553,3.632,3.365,3.624
PLS0091,adolescence,2,16.8,adolescence,middle_cohort,individualist_urban,3.869,5.043,2.712,4.001,4.104,2.731,3.676,4.576
PLS0091,emerging_adulthood,3,22.9,emerging_adulthood,middle_cohort,individualist_urban,4.537,4.878,3.568,3.960,4.583,3.194,4.565,4.232
PLS0091,adulthood,4,38.6,adulthood,middle_cohort,individualist_urban,3.491,5.241,5.021,3.376,5.043,3.979,4.712,4.763
PLS0091,midlife,5,51.4,midlife,middle_cohort,individualist_urban,3.348,5.685,4.534,3.449,4.943,5.326,5.682,5.046
PLS0091,later_life,6,71.1,later_life,middle_cohort,individualist_urban,3.931,5.008,5.287,3.265,5.287,6.142,6.642,4.627
PLS0092,childhood,1,9.5,childhood,younger_cohort,communal_mixed,4.033,5.557,3.887,4.055,4.139,3.224,3.411,4.571
PLS0092,adolescence,2,17.2,adolescence,younger_cohort,communal_mixed,3.647,5.224,4.305,4.079,3.422,3.177,3.956,4.580
PLS0092,emerging_adulthood,3,24.6,emerging_adulthood,younger_cohort,communal_mixed,3.481,5.292,4.896,3.948,3.564,3.519,4.720,4.377
PLS0092,adulthood,4,38.6,adulthood,younger_cohort,communal_mixed,4.104,4.908,5.592,3.491,4.138,4.552,4.961,3.998
PLS0092,midlife,5,52.0,midlife,younger_cohort,communal_mixed,2.957,5.767,5.735,3.184,4.779,5.595,5.587,4.672
PLS0092,later_life,6,70.4,later_life,younger_cohort,communal_mixed,3.250,5.450,6.851,3.697,5.276,5.557,6.748,3.925
PLS0093,childhood,1,9.7,childhood,older_cohort,high_transition_context,5.055,4.613,3.434,5.268,4.663,2.610,3.624,3.803
PLS0093,adolescence,2,17.2,adolescence,older_cohort,high_transition_context,4.375,3.845,4.181,5.639,4.398,2.162,3.661,4.648
PLS0093,emerging_adulthood,3,22.9,emerging_adulthood,older_cohort,high_transition_context,4.850,4.886,4.720,5.751,4.277,3.031,4.372,4.004
PLS0093,adulthood,4,37.7,adulthood,older_cohort,high_transition_context,4.914,3.936,5.432,5.406,4.932,4.343,5.252,4.531
PLS0093,midlife,5,52.1,midlife,older_cohort,high_transition_context,4.790,4.835,6.671,5.040,5.144,5.390,5.753,4.865
PLS0093,later_life,6,70.4,later_life,older_cohort,high_transition_context,4.616,4.977,6.125,5.543,5.334,5.713,7.000,4.423
PLS0094,childhood,1,7.9,childhood,younger_cohort,individualist_urban,5.188,3.861,3.865,4.369,3.826,2.937,3.276,4.679
PLS0094,adolescence,2,16.8,adolescence,younger_cohort,individualist_urban,5.152,4.208,3.708,4.892,4.021,3.059,3.464,4.540
PLS0094,emerging_adulthood,3,24.0,emerging_adulthood,younger_cohort,individualist_urban,4.713,3.922,4.625,4.416,3.918,3.222,3.911,3.718
PLS0094,adulthood,4,39.1,adulthood,younger_cohort,individualist_urban,4.080,3.941,5.684,4.241,5.089,4.092,5.242,4.497
PLS0094,midlife,5,51.7,midlife,younger_cohort,individualist_urban,4.161,4.239,5.635,4.166,4.313,4.828,4.937,4.762
PLS0094,later_life,6,69.0,later_life,younger_cohort,individualist_urban,4.253,4.208,6.607,4.081,4.927,5.951,6.192,4.470
PLS0095,childhood,1,8.7,childhood,middle_cohort,high_transition_context,5.205,3.986,3.004,3.506,2.919,2.766,3.223,3.169
PLS0095,adolescence,2,15.3,adolescence,middle_cohort,high_transition_context,4.446,3.992,3.279,4.925,3.489,2.764,3.359,3.971
PLS0095,emerging_adulthood,3,23.9,emerging_adulthood,middle_cohort,high_transition_context,5.081,3.606,3.857,4.393,3.581,3.750,4.451,3.802
PLS0095,adulthood,4,38.1,adulthood,middle_cohort,high_transition_context,4.893,4.026,4.408,4.301,3.932,5.098,4.712,3.522
PLS0095,midlife,5,53.0,midlife,middle_cohort,high_transition_context,4.172,4.618,5.596,4.140,4.448,4.818,5.460,4.186
PLS0095,later_life,6,69.4,later_life,middle_cohort,high_transition_context,4.550,3.843,5.864,3.877,4.846,5.011,5.853,3.726
PLS0096,childhood,1,8.8,childhood,middle_cohort,individualist_urban,3.905,3.946,3.364,4.983,3.911,3.501,3.725,3.904
PLS0096,adolescence,2,14.9,adolescence,middle_cohort,individualist_urban,4.334,3.496,3.915,5.625,3.354,2.868,3.605,4.226
PLS0096,emerging_adulthood,3,23.4,emerging_adulthood,middle_cohort,individualist_urban,3.733,3.309,4.417,5.449,4.094,3.825,4.624,4.727
PLS0096,adulthood,4,38.8,adulthood,middle_cohort,individualist_urban,4.128,3.818,4.574,5.368,4.426,4.015,4.686,4.141
PLS0096,midlife,5,53.1,midlife,middle_cohort,individualist_urban,3.798,3.861,5.662,5.199,5.015,5.547,5.483,4.760
PLS0096,later_life,6,69.5,later_life,middle_cohort,individualist_urban,3.730,3.475,6.426,4.508,4.944,5.074,6.311,3.654
PLS0097,childhood,1,8.8,childhood,middle_cohort,high_transition_context,5.783,4.359,3.599,5.477,4.637,3.121,3.992,3.727
PLS0097,adolescence,2,15.9,adolescence,middle_cohort,high_transition_context,5.258,4.437,3.673,5.889,4.633,2.226,3.131,4.192
PLS0097,emerging_adulthood,3,23.7,emerging_adulthood,middle_cohort,high_transition_context,4.740,4.816,4.262,5.481,4.711,3.357,4.035,4.507
PLS0097,adulthood,4,38.2,adulthood,middle_cohort,high_transition_context,4.339,3.890,4.871,4.960,4.798,3.638,5.216,4.465
PLS0097,midlife,5,51.9,midlife,middle_cohort,high_transition_context,4.218,5.225,5.600,5.077,5.590,5.033,6.132,4.543
PLS0097,later_life,6,70.0,later_life,middle_cohort,high_transition_context,3.757,5.086,6.146,5.378,5.050,5.069,6.411,4.231
PLS0098,childhood,1,8.6,childhood,older_cohort,individualist_urban,5.070,3.626,4.385,4.969,3.320,2.757,3.521,3.804
PLS0098,adolescence,2,16.2,adolescence,older_cohort,individualist_urban,4.856,3.664,4.274,5.784,3.327,2.861,3.673,4.743
PLS0098,emerging_adulthood,3,24.9,emerging_adulthood,older_cohort,individualist_urban,4.585,4.074,4.851,5.549,3.890,3.098,3.969,3.914
PLS0098,adulthood,4,37.4,adulthood,older_cohort,individualist_urban,4.228,4.437,5.438,5.555,4.329,4.365,5.309,4.830
PLS0098,midlife,5,51.6,midlife,older_cohort,individualist_urban,4.092,3.789,6.626,4.302,4.435,5.320,5.458,3.812
PLS0098,later_life,6,69.2,later_life,older_cohort,individualist_urban,4.002,4.434,6.567,4.711,4.761,5.087,6.240,4.863
PLS0099,childhood,1,8.1,childhood,older_cohort,institutionally_supported,4.279,3.949,4.108,5.099,4.265,3.228,4.149,5.450
PLS0099,adolescence,2,15.2,adolescence,older_cohort,institutionally_supported,4.042,3.446,3.542,5.943,4.814,2.495,3.811,4.669
PLS0099,emerging_adulthood,3,24.5,emerging_adulthood,older_cohort,institutionally_supported,4.278,4.338,4.432,5.392,4.861,3.972,4.407,4.882
PLS0099,adulthood,4,37.1,adulthood,older_cohort,institutionally_supported,3.848,4.363,4.600,4.782,4.610,4.851,4.528,4.860
PLS0099,midlife,5,51.6,midlife,older_cohort,institutionally_supported,3.346,4.269,5.795,4.678,5.290,4.754,5.511,5.159
PLS0099,later_life,6,70.7,later_life,older_cohort,institutionally_supported,3.429,4.440,6.172,4.630,5.743,5.491,6.276,5.161
PLS0100,childhood,1,8.7,childhood,older_cohort,individualist_urban,4.753,4.382,3.588,3.717,3.740,2.484,2.949,3.503
PLS0100,adolescence,2,15.0,adolescence,older_cohort,individualist_urban,4.696,3.962,3.486,4.701,3.899,3.244,3.671,4.105
PLS0100,emerging_adulthood,3,23.7,emerging_adulthood,older_cohort,individualist_urban,4.603,4.345,3.920,4.322,3.846,3.544,3.335,4.883
PLS0100,adulthood,4,38.4,adulthood,older_cohort,individualist_urban,3.701,4.229,4.274,4.226,4.282,3.991,5.035,4.825
PLS0100,midlife,5,51.7,midlife,older_cohort,individualist_urban,3.745,4.441,5.441,3.994,5.108,4.532,5.805,3.635
PLS0100,later_life,6,70.7,later_life,older_cohort,individualist_urban,3.923,4.477,6.095,4.333,5.045,5.502,6.165,3.810
PLS0101,childhood,1,7.9,childhood,younger_cohort,high_transition_context,4.198,5.218,3.993,5.529,4.212,2.241,3.048,4.042
PLS0101,adolescence,2,16.4,adolescence,younger_cohort,high_transition_context,4.039,5.193,3.765,5.976,4.073,3.300,3.873,3.772
PLS0101,emerging_adulthood,3,22.9,emerging_adulthood,younger_cohort,high_transition_context,4.382,5.185,5.139,5.638,4.126,3.285,4.176,3.655
PLS0101,adulthood,4,38.0,adulthood,younger_cohort,high_transition_context,3.880,5.205,5.125,5.179,5.121,4.658,5.752,4.167
PLS0101,midlife,5,51.3,midlife,younger_cohort,high_transition_context,3.182,5.752,6.165,5.472,5.341,4.738,6.219,4.783
PLS0101,later_life,6,69.4,later_life,younger_cohort,high_transition_context,3.502,5.360,6.001,5.394,5.059,5.314,6.667,4.145
PLS0102,childhood,1,9.0,childhood,younger_cohort,high_transition_context,4.579,5.301,3.249,5.270,3.432,3.764,3.488,4.162
PLS0102,adolescence,2,16.4,adolescence,younger_cohort,high_transition_context,4.232,5.356,3.021,5.378,2.974,3.336,3.121,4.526
PLS0102,emerging_adulthood,3,23.0,emerging_adulthood,younger_cohort,high_transition_context,3.566,5.406,2.753,5.958,3.589,3.737,4.270,4.166
PLS0102,adulthood,4,36.8,adulthood,younger_cohort,high_transition_context,3.821,5.374,4.318,4.836,3.680,3.797,5.166,4.380
PLS0102,midlife,5,52.1,midlife,younger_cohort,high_transition_context,3.637,5.281,5.510,5.361,4.656,5.269,5.394,4.201
PLS0102,later_life,6,70.5,later_life,younger_cohort,high_transition_context,3.257,5.716,5.767,4.782,4.181,5.712,5.822,4.152
PLS0103,childhood,1,9.8,childhood,middle_cohort,institutionally_supported,3.709,4.357,2.863,5.444,3.662,2.208,2.921,4.821
PLS0103,adolescence,2,17.0,adolescence,middle_cohort,institutionally_supported,3.561,3.973,3.640,5.906,3.596,2.185,3.969,4.790
PLS0103,emerging_adulthood,3,24.2,emerging_adulthood,middle_cohort,institutionally_supported,2.981,4.331,3.761,5.826,4.322,3.582,4.169,4.819
PLS0103,adulthood,4,38.3,adulthood,middle_cohort,institutionally_supported,3.270,4.978,5.013,4.742,3.830,4.529,5.080,4.734
PLS0103,midlife,5,51.1,midlife,middle_cohort,institutionally_supported,3.146,5.225,5.293,4.531,4.661,5.204,5.801,4.455
PLS0103,later_life,6,69.9,later_life,middle_cohort,institutionally_supported,2.419,4.675,5.429,5.203,4.985,5.337,6.144,5.087
PLS0104,childhood,1,9.1,childhood,older_cohort,individualist_urban,4.506,4.530,3.898,4.272,4.190,3.031,4.300,5.043
PLS0104,adolescence,2,16.3,adolescence,older_cohort,individualist_urban,5.591,3.772,4.110,4.675,3.802,2.988,3.454,4.480
PLS0104,emerging_adulthood,3,23.6,emerging_adulthood,older_cohort,individualist_urban,4.547,3.281,5.156,4.373,4.385,3.573,4.329,4.328
PLS0104,adulthood,4,37.7,adulthood,older_cohort,individualist_urban,4.591,4.160,4.976,4.012,4.559,4.569,5.100,4.462
PLS0104,midlife,5,51.9,midlife,older_cohort,individualist_urban,4.199,3.745,6.241,4.267,5.015,4.865,5.950,4.027
PLS0104,later_life,6,70.4,later_life,older_cohort,individualist_urban,4.060,4.386,6.367,4.287,5.255,5.272,6.454,3.595
PLS0105,childhood,1,9.4,childhood,younger_cohort,communal_mixed,4.133,4.738,3.636,4.022,5.363,2.849,3.304,4.762
PLS0105,adolescence,2,15.0,adolescence,younger_cohort,communal_mixed,3.665,4.983,3.891,4.916,4.490,2.821,3.500,5.301
PLS0105,emerging_adulthood,3,25.1,emerging_adulthood,younger_cohort,communal_mixed,3.947,5.444,3.918,5.185,4.718,3.484,4.843,4.770
PLS0105,adulthood,4,37.2,adulthood,younger_cohort,communal_mixed,3.559,4.504,4.606,4.797,5.181,4.199,5.290,4.695
PLS0105,midlife,5,51.1,midlife,younger_cohort,communal_mixed,3.454,5.209,5.749,4.385,5.590,5.550,5.947,4.776
PLS0105,later_life,6,70.0,later_life,younger_cohort,communal_mixed,3.721,5.239,5.806,4.339,6.075,5.420,6.459,4.653
PLS0106,childhood,1,10.0,childhood,younger_cohort,communal_mixed,3.469,3.380,3.219,5.442,4.842,3.129,4.316,4.822
PLS0106,adolescence,2,16.1,adolescence,younger_cohort,communal_mixed,4.038,3.788,2.856,5.583,5.101,3.085,3.313,4.852
PLS0106,emerging_adulthood,3,24.9,emerging_adulthood,younger_cohort,communal_mixed,3.662,4.249,3.979,5.742,4.585,3.557,4.090,4.272
PLS0106,adulthood,4,37.1,adulthood,younger_cohort,communal_mixed,3.823,3.615,4.330,4.970,5.066,3.625,4.406,4.848
PLS0106,midlife,5,52.2,midlife,younger_cohort,communal_mixed,3.636,3.999,5.732,4.643,5.792,4.549,5.478,5.081
PLS0106,later_life,6,69.5,later_life,younger_cohort,communal_mixed,3.365,3.294,6.009,4.577,5.851,5.249,6.924,3.706
PLS0107,childhood,1,7.9,childhood,middle_cohort,high_transition_context,4.699,3.620,3.007,5.008,4.968,2.967,3.873,4.422
PLS0107,adolescence,2,15.7,adolescence,middle_cohort,high_transition_context,4.659,4.006,3.342,5.519,4.470,2.544,3.632,4.709
PLS0107,emerging_adulthood,3,23.6,emerging_adulthood,middle_cohort,high_transition_context,4.685,3.646,3.620,5.846,4.364,4.023,4.115,4.252
PLS0107,adulthood,4,36.8,adulthood,middle_cohort,high_transition_context,4.278,3.723,4.502,4.757,4.755,3.621,4.554,3.287
PLS0107,midlife,5,51.1,midlife,middle_cohort,high_transition_context,4.238,4.523,5.262,4.573,5.341,5.150,5.699,3.610
PLS0107,later_life,6,70.0,later_life,middle_cohort,high_transition_context,4.386,4.133,5.193,5.684,5.842,5.262,5.936,3.927
PLS0108,childhood,1,9.3,childhood,younger_cohort,institutionally_supported,3.785,4.845,3.875,4.825,3.534,3.043,3.341,5.047
PLS0108,adolescence,2,15.1,adolescence,younger_cohort,institutionally_supported,3.219,4.621,4.071,4.881,3.237,3.507,3.813,5.021
PLS0108,emerging_adulthood,3,24.9,emerging_adulthood,younger_cohort,institutionally_supported,3.482,5.030,4.795,5.087,3.184,2.786,3.746,5.660
PLS0108,adulthood,4,38.1,adulthood,younger_cohort,institutionally_supported,3.596,4.861,4.927,4.262,4.420,4.259,5.244,4.898
PLS0108,midlife,5,50.9,midlife,younger_cohort,institutionally_supported,2.783,5.253,5.229,4.775,4.607,4.863,6.009,6.416
PLS0108,later_life,6,70.8,later_life,younger_cohort,institutionally_supported,2.990,5.017,6.011,4.905,4.657,6.098,6.540,5.241
PLS0109,childhood,1,9.1,childhood,middle_cohort,institutionally_supported,3.663,4.617,4.180,2.935,4.944,2.671,3.120,4.745
PLS0109,adolescence,2,15.7,adolescence,middle_cohort,institutionally_supported,4.224,4.778,4.086,4.158,4.429,3.085,4.312,4.471
PLS0109,emerging_adulthood,3,24.0,emerging_adulthood,middle_cohort,institutionally_supported,3.808,4.733,4.233,4.106,4.625,3.613,4.627,4.993
PLS0109,adulthood,4,38.9,adulthood,middle_cohort,institutionally_supported,3.670,5.106,5.639,3.465,4.906,4.804,5.446,5.451
PLS0109,midlife,5,52.5,midlife,middle_cohort,institutionally_supported,3.037,5.216,6.142,3.900,5.385,5.084,6.354,4.332
PLS0109,later_life,6,70.3,later_life,middle_cohort,institutionally_supported,3.140,5.122,6.617,3.501,5.665,5.406,6.305,4.551
PLS0110,childhood,1,9.1,childhood,older_cohort,high_transition_context,5.305,4.734,4.091,3.996,3.034,2.501,3.557,4.129
PLS0110,adolescence,2,14.8,adolescence,older_cohort,high_transition_context,5.073,4.512,3.979,4.180,3.393,3.302,3.680,4.323
PLS0110,emerging_adulthood,3,23.3,emerging_adulthood,older_cohort,high_transition_context,4.428,5.451,4.789,4.479,4.036,3.680,4.828,3.642
PLS0110,adulthood,4,37.5,adulthood,older_cohort,high_transition_context,3.976,5.828,5.076,3.620,4.342,3.711,5.208,4.152
PLS0110,midlife,5,52.3,midlife,older_cohort,high_transition_context,3.879,5.454,6.540,3.668,4.498,5.463,6.142,3.645
PLS0110,later_life,6,70.0,later_life,older_cohort,high_transition_context,3.663,6.062,7.000,3.451,4.932,5.613,6.383,4.086
PLS0111,childhood,1,10.0,childhood,younger_cohort,individualist_urban,4.833,3.675,4.177,3.636,4.296,2.774,3.570,4.042
PLS0111,adolescence,2,17.0,adolescence,younger_cohort,individualist_urban,4.193,3.573,3.395,3.080,4.117,2.425,3.506,4.134
PLS0111,emerging_adulthood,3,24.5,emerging_adulthood,younger_cohort,individualist_urban,3.786,3.120,4.535,3.928,4.535,3.109,4.423,4.258
PLS0111,adulthood,4,38.4,adulthood,younger_cohort,individualist_urban,3.747,3.854,5.094,3.510,4.494,4.136,5.046,4.261
PLS0111,midlife,5,52.2,midlife,younger_cohort,individualist_urban,3.943,4.127,6.352,2.965,4.967,4.742,5.888,4.018
PLS0111,later_life,6,69.3,later_life,younger_cohort,individualist_urban,4.243,3.511,6.140,3.034,5.260,4.986,5.856,3.488
PLS0112,childhood,1,9.8,childhood,older_cohort,institutionally_supported,4.853,4.312,4.141,4.278,3.137,3.361,3.699,4.838
PLS0112,adolescence,2,16.2,adolescence,older_cohort,institutionally_supported,3.979,4.365,4.644,4.036,3.128,3.293,3.842,5.006
PLS0112,emerging_adulthood,3,23.6,emerging_adulthood,older_cohort,institutionally_supported,4.223,4.264,5.158,4.721,3.136,3.854,4.752,4.565
PLS0112,adulthood,4,38.5,adulthood,older_cohort,institutionally_supported,3.990,4.480,5.310,3.920,4.014,4.318,4.753,5.946
PLS0112,midlife,5,52.1,midlife,older_cohort,institutionally_supported,3.233,5.126,6.487,4.393,4.792,4.851,5.844,5.429
PLS0112,later_life,6,69.8,later_life,older_cohort,institutionally_supported,3.668,4.808,7.000,4.319,4.297,5.666,6.269,4.952
PLS0113,childhood,1,9.1,childhood,middle_cohort,individualist_urban,4.080,3.940,3.266,4.761,4.198,3.535,3.820,3.950
PLS0113,adolescence,2,15.4,adolescence,middle_cohort,individualist_urban,3.901,3.759,2.657,4.805,3.974,3.062,3.111,5.076
PLS0113,emerging_adulthood,3,24.4,emerging_adulthood,middle_cohort,individualist_urban,3.143,3.823,3.682,4.665,4.257,3.025,4.223,4.751
PLS0113,adulthood,4,38.1,adulthood,middle_cohort,individualist_urban,3.670,4.256,4.283,4.757,4.536,3.721,4.803,4.529
PLS0113,midlife,5,51.0,midlife,middle_cohort,individualist_urban,3.162,4.293,5.162,4.223,5.319,4.715,5.602,5.131
PLS0113,later_life,6,69.2,later_life,middle_cohort,individualist_urban,2.848,3.603,5.987,4.185,4.782,5.828,6.821,5.068
PLS0114,childhood,1,8.9,childhood,younger_cohort,communal_mixed,4.844,4.980,3.190,3.281,4.657,3.207,3.082,4.332
PLS0114,adolescence,2,16.4,adolescence,younger_cohort,communal_mixed,5.104,5.117,2.910,3.959,4.820,2.326,3.161,4.674
PLS0114,emerging_adulthood,3,23.9,emerging_adulthood,younger_cohort,communal_mixed,4.641,5.243,4.342,3.915,4.933,3.861,4.156,4.030
PLS0114,adulthood,4,36.8,adulthood,younger_cohort,communal_mixed,4.820,5.428,5.007,3.540,5.031,4.201,4.734,4.648
PLS0114,midlife,5,53.0,midlife,younger_cohort,communal_mixed,4.431,5.503,5.246,3.415,5.386,4.739,5.826,4.949
PLS0114,later_life,6,70.6,later_life,younger_cohort,communal_mixed,3.938,5.708,6.124,3.348,5.788,6.315,6.922,4.166
PLS0115,childhood,1,8.6,childhood,middle_cohort,communal_mixed,4.656,4.835,3.096,3.239,4.540,2.566,3.578,4.461
PLS0115,adolescence,2,14.8,adolescence,middle_cohort,communal_mixed,4.800,4.876,3.285,4.055,3.986,2.334,3.025,4.214
PLS0115,emerging_adulthood,3,23.8,emerging_adulthood,middle_cohort,communal_mixed,4.271,4.147,4.138,4.067,4.241,4.031,4.000,4.426
PLS0115,adulthood,4,37.8,adulthood,middle_cohort,communal_mixed,4.299,4.654,4.101,3.709,4.798,4.084,4.180,5.417
PLS0115,midlife,5,52.1,midlife,middle_cohort,communal_mixed,4.118,5.307,5.326,3.945,4.746,4.516,5.790,4.436
PLS0115,later_life,6,70.7,later_life,middle_cohort,communal_mixed,3.983,4.660,5.148,3.220,5.315,5.786,6.087,4.394
PLS0116,childhood,1,7.8,childhood,younger_cohort,institutionally_supported,4.357,3.775,3.287,3.888,3.390,3.023,3.361,4.905
PLS0116,adolescence,2,16.4,adolescence,younger_cohort,institutionally_supported,3.862,3.904,2.273,4.809,2.930,2.869,3.255,5.465
PLS0116,emerging_adulthood,3,24.9,emerging_adulthood,younger_cohort,institutionally_supported,4.430,4.309,3.529,4.703,3.233,2.233,3.095,5.152
PLS0116,adulthood,4,37.6,adulthood,younger_cohort,institutionally_supported,3.515,4.005,3.716,4.619,4.065,4.148,4.558,5.055
PLS0116,midlife,5,51.7,midlife,younger_cohort,institutionally_supported,3.744,4.574,4.978,4.268,4.399,5.181,4.885,5.398
PLS0116,later_life,6,69.0,later_life,younger_cohort,institutionally_supported,3.813,4.800,5.817,4.367,4.101,5.977,6.107,5.034
PLS0117,childhood,1,10.1,childhood,older_cohort,high_transition_context,4.735,4.011,4.337,4.710,4.306,3.115,4.491,4.121
PLS0117,adolescence,2,16.6,adolescence,older_cohort,high_transition_context,4.667,4.092,4.454,4.371,3.661,2.505,3.551,4.607
PLS0117,emerging_adulthood,3,23.7,emerging_adulthood,older_cohort,high_transition_context,4.498,4.234,4.541,4.608,4.977,3.114,4.212,4.371
PLS0117,adulthood,4,37.4,adulthood,older_cohort,high_transition_context,4.107,4.326,5.670,4.408,5.042,4.685,4.670,4.408
PLS0117,midlife,5,52.5,midlife,older_cohort,high_transition_context,3.901,4.567,5.801,3.794,5.330,5.072,5.522,3.039
PLS0117,later_life,6,70.0,later_life,older_cohort,high_transition_context,3.660,4.404,6.957,3.399,5.536,5.733,6.184,3.759
PLS0118,childhood,1,9.3,childhood,older_cohort,high_transition_context,5.147,4.065,4.015,4.767,3.787,2.500,3.495,4.120
PLS0118,adolescence,2,16.3,adolescence,older_cohort,high_transition_context,4.955,4.492,4.089,4.857,4.583,2.923,2.973,4.079
PLS0118,emerging_adulthood,3,24.5,emerging_adulthood,older_cohort,high_transition_context,4.916,4.781,4.405,5.423,4.908,3.768,3.881,4.076
PLS0118,adulthood,4,37.1,adulthood,older_cohort,high_transition_context,4.753,4.433,4.555,4.766,5.008,4.479,4.488,4.204
PLS0118,midlife,5,51.6,midlife,older_cohort,high_transition_context,4.589,4.646,5.012,4.499,5.297,5.260,6.128,4.380
PLS0118,later_life,6,69.5,later_life,older_cohort,high_transition_context,4.271,4.613,5.909,4.117,5.395,5.662,7.000,3.658
PLS0119,childhood,1,8.2,childhood,younger_cohort,individualist_urban,5.393,4.813,3.225,4.687,4.265,2.716,3.842,3.814
PLS0119,adolescence,2,17.0,adolescence,younger_cohort,individualist_urban,4.653,4.415,3.544,4.972,3.941,3.040,3.488,3.317
PLS0119,emerging_adulthood,3,23.7,emerging_adulthood,younger_cohort,individualist_urban,4.655,5.461,3.911,4.704,4.751,3.631,4.400,4.585
PLS0119,adulthood,4,39.0,adulthood,younger_cohort,individualist_urban,4.113,5.592,3.840,4.138,4.721,4.323,5.189,4.614
PLS0119,midlife,5,52.5,midlife,younger_cohort,individualist_urban,4.075,5.406,5.355,4.575,5.596,5.264,6.307,4.115
PLS0119,later_life,6,69.7,later_life,younger_cohort,individualist_urban,3.967,6.047,5.288,4.690,5.160,4.910,6.142,3.953
PLS0120,childhood,1,9.1,childhood,younger_cohort,institutionally_supported,4.390,3.655,3.237,3.301,4.034,3.353,3.938,5.042
PLS0120,adolescence,2,16.5,adolescence,younger_cohort,institutionally_supported,4.190,3.642,3.712,4.059,4.573,3.079,4.235,5.201
PLS0120,emerging_adulthood,3,24.1,emerging_adulthood,younger_cohort,institutionally_supported,3.863,3.909,4.153,3.858,4.536,3.078,4.179,3.957
PLS0120,adulthood,4,39.0,adulthood,younger_cohort,institutionally_supported,3.377,3.487,4.600,3.384,4.902,4.887,4.756,5.075
PLS0120,midlife,5,51.1,midlife,younger_cohort,institutionally_supported,2.914,3.936,5.480,3.352,5.256,4.798,5.348,5.345
PLS0120,later_life,6,69.9,later_life,younger_cohort,institutionally_supported,2.822,4.139,6.040,3.308,5.376,5.546,6.433,4.618
